[
    {
        "actionName": "Action",
        "steps": [
            {
                "stepId": "STEP1",
                "stepName": "Url: katalon-demo-cura.herokuapp.com",
                "infFile": "t1.inf",
                "time": 1707300239848
            },
            {
                "stepId": "STEP2",
                "stepName": "Link: Login",
                "infFile": "t2.inf",
                "time": 1707300241644
            },
            {
                "stepId": "STEP3",
                "stepName": "Custom Request: json",
                "infFile": "t3.inf",
                "time": 1707300242438
            },
            {
                "stepId": "STEP4",
                "stepName": "Submit Data: authenticate.php",
                "infFile": "t4.inf",
                "time": 1707300242950
            },
            {
                "stepId": "STEP5",
                "stepName": "Submit Form: appointment.php",
                "infFile": "t5.inf",
                "time": 1707300243255
            },
            {
                "stepId": "STEP6",
                "stepName": "Link: Logout",
                "infFile": "t6.inf",
                "time": 1707300243764
            }
        ],
        "transactions": []
    }
]