[
    {
        "actionName": "Action",
        "steps": [
            {
                "stepId": "STEP2",
                "stepName": "Url: addUser",
                "infFile": "t3.inf",
                "time": 1707731428057
            },
            {
                "stepId": "STEP3",
                "stepName": "Custom Request: json",
                "infFile": "t4.inf",
                "time": 1707731428483
            },
            {
                "stepId": "STEP4",
                "stepName": "Custom Request: users",
                "infFile": "t5.inf",
                "time": 1707731428774
            }
        ],
        "transactions": []
    }
]