{
  "FilterHeaders": [
    {
      "Header": "x-goog-encode-response-if-executable",
      "IncludeInScript": false
    },
    {
      "Header": "x-goog-api-key",
      "IncludeInScript": false
    },
    {
      "Header": "user-agent",
      "IncludeInScript": false
    },
    {
      "Header": "upgrade-insecure-requests",
      "IncludeInScript": false
    },
    {
      "Header": "sec-fetch-site",
      "IncludeInScript": false
    },
    {
      "Header": "sec-fetch-mode",
      "IncludeInScript": false
    },
    {
      "Header": "sec-fetch-dest",
      "IncludeInScript": false
    },
    {
      "Header": "sec-ch-ua-platform",
      "IncludeInScript": false
    },
    {
      "Header": "sec-ch-ua-mobile",
      "IncludeInScript": false
    },
    {
      "Header": "sec-ch-ua",
      "IncludeInScript": false
    },
    {
      "Header": "origin",
      "IncludeInScript": false
    },
    {
      "Header": "if-none-match",
      "IncludeInScript": false
    },
    {
      "Header": "access-control-request-method",
      "IncludeInScript": false
    },
    {
      "Header": "access-control-request-headers",
      "IncludeInScript": false
    },
    {
      "Header": "accept-language",
      "IncludeInScript": false
    },
    {
      "Header": "accept-encoding",
      "IncludeInScript": false
    },
    {
      "Header": "accept",
      "IncludeInScript": false
    },
    {
      "Header": "a-im",
      "IncludeInScript": false
    }
  ],
  "FilterResources": [
    {
      "IsNonResource": false,
      "type": "text/plain"
    },
    {
      "IsNonResource": false,
      "type": "text/javascript"
    },
    {
      "IsNonResource": true,
      "type": "text/html"
    },
    {
      "IsNonResource": false,
      "type": "text/css"
    },
    {
      "IsNonResource": true,
      "type": "application/json"
    }
  ],
  "GeneralInfo": {
    "BrowserVersion": "",
    "IsWinInetMode": false,
    "MaxUsedConnections": 9,
    "RecordedBrowser": "Chrome",
    "RecordingDate": "Feb-06-2024",
    "RecordingDuration": 10391,
    "RecordingMode": "N/A",
    "RecordingTimeStamp": 1707202577,
    "RecordingType": "Browser",
    "TotalBytesReceived": 133061,
    "TotalBytesSent": 8269,
    "TotalRequests": 9,
    "UserAgent": "Mozilla/5.0 (Windows NT 10.0; Win64; x64) AppleWebKit/537.36 (KHTML, like Gecko) Chrome/121.0.0.0 Safari/537.36"
  },
  "HostInfo": [
    {
      "DomainName": "gstatic.com",
      "Domains": [
        {
          "HTTPVersion": "HTTP/1.1",
          "IP": "142.250.195.195",
          "IncludeInScript": true,
          "Name": "www.gstatic.com",
          "Port": 443,
          "Requests": [
            {
              "CompressionType": "gzip",
              "DataType": "text/javascript",
              "DownloadTime": 32,
              "EventId": 909,
              "HttpStatus": 200,
              "Size": 78919,
              "URL": "https://www.gstatic.com/og/_/js/k=og.qtm.en_US.cuMvG2lQ980.2019.O/rt=j/m=qabr,q_d,qcwid,qapid,qald,q_dg/exm=qaaw,qadd,qaid,qein,qhaw,qhba,qhbr,qhch,qhga,qhid,qhin/d=1/ed=1/rs=AA2YrTuKAn3-aelv4toOlCHsuXvLz49A7Q"
            },
            {
              "CompressionType": "gzip",
              "DataType": "text/css",
              "DownloadTime": 32,
              "EventId": 906,
              "HttpStatus": 200,
              "Size": 640,
              "URL": "https://www.gstatic.com/og/_/ss/k=og.qtm.uvrAew1hc4Q.L.W.O/m=qcwid/excm=qaaw,qadd,qaid,qein,qhaw,qhba,qhbr,qhch,qhga,qhid,qhin/d=1/ed=1/ct=zgms/rs=AA2YrTtkjt2EctqOb9JozsNi632JEdnRdg"
            }
          ],
          "SSLCipher": "",
          "SSLVersion": ""
        }
      ],
      "IncludeInScript": true
    },
    {
      "DomainName": "googleapis.com",
      "Domains": [
        {
          "HTTPVersion": "HTTP/1.1",
          "IP": "142.250.195.74",
          "IncludeInScript": true,
          "Name": "content-autofill.googleapis.com",
          "Port": 443,
          "Requests": [
            {
              "CompressionType": "gzip",
              "DataType": "text/plain",
              "DownloadTime": 140,
              "EventId": 975,
              "HttpStatus": 200,
              "Size": 36,
              "URL": "https://content-autofill.googleapis.com/v1/pages/ChVDaHJvbWUvMTIxLjAuNjE2Ny4xNDASGQn11VQ7sgCk8RIFDWlIR0chrbMLunyG1js=?alt=proto"
            }
          ],
          "SSLCipher": "TLS_AES_256_GCM_SHA384",
          "SSLVersion": "TLS1.3"
        },
        {
          "HTTPVersion": "HTTP/1.1",
          "IP": "142.250.195.99",
          "IncludeInScript": true,
          "Name": "clientservices.googleapis.com",
          "Port": 443,
          "Requests": [
            {
              "CompressionType": "",
              "DataType": "",
              "DownloadTime": 234,
              "EventId": 895,
              "HttpStatus": 304,
              "Size": 0,
              "URL": "https://clientservices.googleapis.com/chrome-variations/seed?osname=win&channel=stable&milestone=121"
            }
          ],
          "SSLCipher": "TLS_AES_256_GCM_SHA384",
          "SSLVersion": "TLS1.3"
        }
      ],
      "IncludeInScript": true
    },
    {
      "DomainName": "google.com",
      "Domains": [
        {
          "HTTPVersion": "HTTP/1.1",
          "IP": "142.250.193.110",
          "IncludeInScript": true,
          "Name": "play.google.com",
          "Port": 443,
          "Requests": [
            {
              "CompressionType": "",
              "DataType": "text/plain",
              "DownloadTime": 125,
              "EventId": 1044,
              "HttpStatus": 200,
              "Size": 0,
              "URL": "https://play.google.com/log?format=json&hasfast=true&authuser=0"
            },
            {
              "CompressionType": "gzip",
              "DataType": "text/plain",
              "DownloadTime": 125,
              "EventId": 1039,
              "HttpStatus": 200,
              "Size": 131,
              "URL": "https://play.google.com/log?format=json&hasfast=true"
            }
          ],
          "SSLCipher": "TLS_AES_256_GCM_SHA384",
          "SSLVersion": "TLS1.3"
        },
        {
          "HTTPVersion": "HTTP/1.1",
          "IP": "142.250.196.78",
          "IncludeInScript": true,
          "Name": "ogs.google.com",
          "Port": 443,
          "Requests": [
            {
              "CompressionType": "gzip",
              "DataType": "text/html",
              "DownloadTime": 94,
              "EventId": 986,
              "HttpStatus": 200,
              "Size": 12161,
              "URL": "https://ogs.google.com/widget/callout?prid=19037050&pgid=19037049&puid=a5627eb5c02923db&cce=1&dc=1&origin=https%3A%2F%2Fwww.google.com&cn=callout&pid=1&spid=538&hl=en"
            }
          ],
          "SSLCipher": "TLS_AES_256_GCM_SHA384",
          "SSLVersion": "TLS1.3"
        },
        {
          "HTTPVersion": "HTTP/1.1",
          "IP": "142.250.182.110",
          "IncludeInScript": true,
          "Name": "apis.google.com",
          "Port": 443,
          "Requests": [
            {
              "CompressionType": "gzip",
              "DataType": "text/javascript",
              "DownloadTime": 31,
              "EventId": 997,
              "HttpStatus": 200,
              "Size": 41131,
              "URL": "https://apis.google.com/_/scs/abc-static/_/js/k=gapi.gapi.en.GsbA68hXs80.O/m=gapi_iframes,googleapis_client/rt=j/sv=1/d=1/ed=1/rs=AHpOoo899t-H8Lxb3OqzMDuPn6TV_i36ag/cb=gapi.loaded_0"
            }
          ],
          "SSLCipher": "",
          "SSLVersion": ""
        },
        {
          "HTTPVersion": "HTTP/1.1",
          "IP": "74.125.200.84",
          "IncludeInScript": true,
          "Name": "accounts.google.com",
          "Port": 443,
          "Requests": [
            {
              "CompressionType": "gzip",
              "DataType": "application/json",
              "DownloadTime": 125,
              "EventId": 901,
              "HttpStatus": 200,
              "Size": 43,
              "URL": "https://accounts.google.com/ListAccounts?gpsia=1&source=ChromiumBrowser&json=standard"
            }
          ],
          "SSLCipher": "",
          "SSLVersion": ""
        }
      ],
      "IncludeInScript": true
    }
  ],
  "WebSocket": {
    "IncludeInScript": false,
    "IsScriptIncludeWebSocket": false
  },
  "NumberOfCorrelations": 0
}