{"OutputFileHashSum":"DD933673E09C795096F0988750FACFFE295F320C808A8C797C65A855E4BBD1E4","Converted":true,"OutputModifyDate":"2024-02-12T09:50:30.2854118Z","Metadatas":[{"CategoryName":"VuGen.Replay","Offset":2347,"Length":234,"TypeId":1},{"CategoryName":"VuGen.Replay","Offset":2825,"Length":23,"TypeId":2},{"CategoryName":"VuGen.Replay","Offset":2848,"Length":226,"TypeId":1},{"CategoryName":"VuGen.Replay","Offset":4693,"Length":149,"TypeId":3},{"CategoryName":"VuGen.Replay","Offset":4998,"Length":21,"TypeId":2},{"CategoryName":"VuGen.Replay","Offset":5693,"Length":166,"TypeId":3},{"CategoryName":"VuGen.Replay","Offset":5859,"Length":160,"TypeId":3}],"MetadataTypes":[{"CategoryName":"VuGen.Replay","MetadataTypeName":"Utt.Debugger.Warning","Id":1},{"CategoryName":"VuGen.Replay","MetadataTypeName":"HP.LR.Vugen.Iteration","Id":2},{"CategoryName":"VuGen.Replay","MetadataTypeName":"Utt.Debugger.Error","Id":3}]}