﻿<DataObject comparison="Ordinal">
  <Section id="">
    <Subsections>
      <Section id="General">
        <Subsections />
        <Entries>
          <Entry key="ElapsedTime">
            <double>7.9043991</double>
          </Entry>
          <Entry key="StartedAt">
            <dateTime>2024-02-12T15:20:22.4580143+05:30</dateTime>
          </Entry>
          <Entry key="EndedAt">
            <dateTime>2024-02-12T15:20:30.3624134+05:30</dateTime>
          </Entry>
          <Entry key="ReplayStatus">
            <LastReplayRunStatus>Failed</LastReplayRunStatus>
          </Entry>
          <Entry key="NumberOfReplayErrors">
            <int>3</int>
          </Entry>
          <Entry key="NumberOfReplayCriticalErrors">
            <int>3</int>
          </Entry>
          <Entry key="NumberOfCompilationErrors">
            <int>0</int>
          </Entry>
        </Entries>
      </Section>
    </Subsections>
    <Entries>
      <Entry key="Iterations">
        <int>1</int>
      </Entry>
    </Entries>
  </Section>
</DataObject>