[
    {
        "actionName": "Action",
        "steps": [
            {
                "stepId": "STEP1",
                "stepName": "Url: www.google.com",
                "infFile": "t1.inf",
                "time": 1707364913792
            },
            {
                "stepId": "STEP2",
                "stepName": "Url: callout",
                "infFile": "t2.inf",
                "time": 1707364915603
            },
            {
                "stepId": "STEP3",
                "stepName": "Custom Request: log",
                "infFile": "t3.inf",
                "time": 1707364916472
            },
            {
                "stepId": "STEP4",
                "stepName": "Custom Request: log_2",
                "infFile": "t4.inf",
                "time": 1707364916885
            }
        ],
        "transactions": []
    }
]