[
    {
        "actionName": "Action",
        "steps": [
            {
                "stepId": "STEP1",
                "stepName": "Url: reqres.in",
                "infFile": "t2.inf",
                "time": 1707213345320
            },
            {
                "stepId": "STEP2",
                "stepName": "Custom Request: users",
                "infFile": "t3.inf",
                "time": 1707213346126
            },
            {
                "stepId": "STEP3",
                "stepName": "Custom Request: collect",
                "infFile": "t4.inf",
                "time": 1707213346584
            },
            {
                "stepId": "STEP4",
                "stepName": "Custom Request: collect_2",
                "infFile": "t5.inf",
                "time": 1707213346901
            },
            {
                "stepId": "STEP5",
                "stepName": "Custom Request: collect_3",
                "infFile": "t6.inf",
                "time": 1707213347021
            },
            {
                "stepId": "STEP6",
                "stepName": "Custom Request: collect_4",
                "infFile": "t7.inf",
                "time": 1707213347457
            },
            {
                "stepId": "STEP7",
                "stepName": "Url: core",
                "infFile": "t8.inf",
                "time": 1707213347713
            },
            {
                "stepId": "STEP8",
                "stepName": "Url: runtime",
                "infFile": "t9.inf",
                "time": 1707213347804
            },
            {
                "stepId": "STEP9",
                "stepName": "Url: flat",
                "infFile": "t10.inf",
                "time": 1707213347869
            },
            {
                "stepId": "STEP10",
                "stepName": "Url: flat_2",
                "infFile": "t11.inf",
                "time": 1707213347983
            },
            {
                "stepId": "STEP11",
                "stepName": "Url: users_2",
                "infFile": "t12.inf",
                "time": 1707213348423
            },
            {
                "stepId": "STEP12",
                "stepName": "Custom Request: json",
                "infFile": "t13.inf",
                "time": 1707213349595
            },
            {
                "stepId": "STEP13",
                "stepName": "Custom Request: 2",
                "infFile": "t14.inf",
                "time": 1707213349790
            },
            {
                "stepId": "STEP14",
                "stepName": "Custom Request: users_3",
                "infFile": "t15.inf",
                "time": 1707213350261
            }
        ],
        "transactions": []
    }
]