{"OutputFileHashSum":"183E996A3AF342572872A3EB8EF27C483049E2441E728896310D7762FD23EBCB","Converted":true,"OutputModifyDate":"2024-02-09T04:57:18.0072321Z","Metadatas":[{"CategoryName":"VuGen.Replay","Offset":3093,"Length":23,"TypeId":1},{"CategoryName":"VuGen.Replay","Offset":3116,"Length":226,"TypeId":2},{"CategoryName":"VuGen.Replay","Offset":6936,"Length":21,"TypeId":1}],"MetadataTypes":[{"CategoryName":"VuGen.Replay","MetadataTypeName":"HP.LR.Vugen.Iteration","Id":1},{"CategoryName":"VuGen.Replay","MetadataTypeName":"Utt.Debugger.Warning","Id":2}]}