{
  "FilterHeaders": [
    {
      "Header": "x-goog-encode-response-if-executable",
      "IncludeInScript": false
    },
    {
      "Header": "x-goog-api-key",
      "IncludeInScript": false
    },
    {
      "Header": "user-agent",
      "IncludeInScript": false
    },
    {
      "Header": "upgrade-insecure-requests",
      "IncludeInScript": false
    },
    {
      "Header": "sec-fetch-user",
      "IncludeInScript": false
    },
    {
      "Header": "sec-fetch-site",
      "IncludeInScript": false
    },
    {
      "Header": "sec-fetch-mode",
      "IncludeInScript": false
    },
    {
      "Header": "sec-fetch-dest",
      "IncludeInScript": false
    },
    {
      "Header": "sec-ch-ua-platform",
      "IncludeInScript": false
    },
    {
      "Header": "sec-ch-ua-mobile",
      "IncludeInScript": false
    },
    {
      "Header": "sec-ch-ua",
      "IncludeInScript": false
    },
    {
      "Header": "origin",
      "IncludeInScript": false
    },
    {
      "Header": "if-none-match",
      "IncludeInScript": false
    },
    {
      "Header": "access-control-request-method",
      "IncludeInScript": false
    },
    {
      "Header": "access-control-request-headers",
      "IncludeInScript": false
    },
    {
      "Header": "accept-language",
      "IncludeInScript": false
    },
    {
      "Header": "accept-encoding",
      "IncludeInScript": false
    },
    {
      "Header": "accept",
      "IncludeInScript": false
    },
    {
      "Header": "a-im",
      "IncludeInScript": false
    }
  ],
  "FilterResources": [
    {
      "IsNonResource": false,
      "type": "text/plain"
    },
    {
      "IsNonResource": false,
      "type": "text/javascript"
    },
    {
      "IsNonResource": true,
      "type": "text/html"
    },
    {
      "IsNonResource": false,
      "type": "text/css"
    },
    {
      "IsNonResource": false,
      "type": "font/woff2"
    },
    {
      "IsNonResource": false,
      "type": "application/x-gzip"
    }
  ],
  "GeneralInfo": {
    "BrowserVersion": "",
    "IsWinInetMode": false,
    "MaxUsedConnections": 11,
    "RecordedBrowser": "Chrome",
    "RecordingDate": "Feb-08-2024",
    "RecordingDuration": 10047,
    "RecordingMode": "N/A",
    "RecordingTimeStamp": 1707364839,
    "RecordingType": "Browser",
    "TotalBytesReceived": 279466,
    "TotalBytesSent": 10311,
    "TotalRequests": 11,
    "UserAgent": "Mozilla/5.0 (Windows NT 10.0; Win64; x64) AppleWebKit/537.36 (KHTML, like Gecko) Chrome/121.0.0.0 Safari/537.36"
  },
  "HostInfo": [
    {
      "DomainName": "gstatic.com",
      "Domains": [
        {
          "HTTPVersion": "HTTP/1.1",
          "IP": "142.250.195.131",
          "IncludeInScript": true,
          "Name": "www.gstatic.com",
          "Port": 443,
          "Requests": [
            {
              "CompressionType": "gzip",
              "DataType": "text/javascript",
              "DownloadTime": 31,
              "EventId": 125,
              "HttpStatus": 200,
              "Size": 78919,
              "URL": "https://www.gstatic.com/og/_/js/k=og.qtm.en_US.cuMvG2lQ980.2019.O/rt=j/m=qabr,q_d,qcwid,qapid,qald,q_dg/exm=qaaw,qadd,qaid,qein,qhaw,qhba,qhbr,qhch,qhga,qhid,qhin/d=1/ed=1/rs=AA2YrTuKAn3-aelv4toOlCHsuXvLz49A7Q"
            },
            {
              "CompressionType": "gzip",
              "DataType": "text/css",
              "DownloadTime": 109,
              "EventId": 117,
              "HttpStatus": 200,
              "Size": 640,
              "URL": "https://www.gstatic.com/og/_/ss/k=og.qtm.uvrAew1hc4Q.L.W.O/m=qcwid/excm=qaaw,qadd,qaid,qein,qhaw,qhba,qhbr,qhch,qhga,qhid,qhin/d=1/ed=1/ct=zgms/rs=AA2YrTtkjt2EctqOb9JozsNi632JEdnRdg"
            }
          ],
          "SSLCipher": "TLS_AES_256_GCM_SHA384",
          "SSLVersion": "TLS1.3"
        },
        {
          "HTTPVersion": "HTTP/1.1",
          "IP": "142.250.182.99",
          "IncludeInScript": true,
          "Name": "fonts.gstatic.com",
          "Port": 443,
          "Requests": [
            {
              "CompressionType": "",
              "DataType": "font/woff2",
              "DownloadTime": 297,
              "EventId": 235,
              "HttpStatus": 200,
              "Size": 22308,
              "URL": "https://fonts.gstatic.com/s/googlesans/v58/4Ua_rENHsxJlGDuGo1OIlJfC6l_24rlCK1Yo_Iqcsih3SAyH6cAwhX9RFD48TE63OOYKtrw2IJllpyk.woff2"
            },
            {
              "CompressionType": "",
              "DataType": "font/woff2",
              "DownloadTime": 47,
              "EventId": 223,
              "HttpStatus": 200,
              "Size": 15344,
              "URL": "https://fonts.gstatic.com/s/roboto/v18/KFOmCnqEu92Fr1Mu4mxK.woff2"
            }
          ],
          "SSLCipher": "TLS_AES_256_GCM_SHA384",
          "SSLVersion": "TLS1.3"
        }
      ],
      "IncludeInScript": true
    },
    {
      "DomainName": "googleapis.com",
      "Domains": [
        {
          "HTTPVersion": "HTTP/1.1",
          "IP": "142.250.195.202",
          "IncludeInScript": true,
          "Name": "content-autofill.googleapis.com",
          "Port": 443,
          "Requests": [
            {
              "CompressionType": "gzip",
              "DataType": "text/plain",
              "DownloadTime": 141,
              "EventId": 168,
              "HttpStatus": 200,
              "Size": 36,
              "URL": "https://content-autofill.googleapis.com/v1/pages/ChVDaHJvbWUvMTIxLjAuNjE2Ny4xNDASGQn11VQ7sgCk8RIFDWlIR0chrbMLunyG1js=?alt=proto"
            }
          ],
          "SSLCipher": "",
          "SSLVersion": ""
        },
        {
          "HTTPVersion": "HTTP/1.1",
          "IP": "142.250.76.35",
          "IncludeInScript": true,
          "Name": "clientservices.googleapis.com",
          "Port": 443,
          "Requests": [
            {
              "CompressionType": "",
              "DataType": "application/x-gzip",
              "DownloadTime": 219,
              "EventId": 37,
              "HttpStatus": 200,
              "Size": 53157,
              "URL": "https://clientservices.googleapis.com/chrome-variations/seed?osname=win&channel=stable&milestone=121"
            }
          ],
          "SSLCipher": "",
          "SSLVersion": ""
        }
      ],
      "IncludeInScript": true
    },
    {
      "DomainName": "google.com",
      "Domains": [
        {
          "HTTPVersion": "HTTP/1.1",
          "IP": "142.250.195.228",
          "IncludeInScript": true,
          "Name": "www.google.com",
          "Port": 443,
          "Requests": [
            {
              "CompressionType": "br",
              "DataType": "text/html",
              "DownloadTime": 156,
              "EventId": 14,
              "HttpStatus": 200,
              "Size": 55643,
              "URL": "https://www.google.com/"
            }
          ],
          "SSLCipher": "TLS_AES_256_GCM_SHA384",
          "SSLVersion": "TLS1.3"
        },
        {
          "HTTPVersion": "HTTP/1.1",
          "IP": "142.250.182.142",
          "IncludeInScript": true,
          "Name": "play.google.com",
          "Port": 443,
          "Requests": [
            {
              "CompressionType": "gzip",
              "DataType": "text/plain",
              "DownloadTime": 156,
              "EventId": 296,
              "HttpStatus": 200,
              "Size": 131,
              "URL": "https://play.google.com/log?format=json&hasfast=true"
            },
            {
              "CompressionType": "",
              "DataType": "text/plain",
              "DownloadTime": 140,
              "EventId": 258,
              "HttpStatus": 200,
              "Size": 0,
              "URL": "https://play.google.com/log?format=json&hasfast=true&authuser=0"
            }
          ],
          "SSLCipher": "",
          "SSLVersion": ""
        },
        {
          "HTTPVersion": "HTTP/1.1",
          "IP": "142.250.196.14",
          "IncludeInScript": true,
          "Name": "ogs.google.com",
          "Port": 443,
          "Requests": [
            {
              "CompressionType": "gzip",
              "DataType": "text/html",
              "DownloadTime": 140,
              "EventId": 194,
              "HttpStatus": 200,
              "Size": 12157,
              "URL": "https://ogs.google.com/widget/callout?prid=19037050&pgid=19037049&puid=a5627eb5c02923db&cce=1&dc=1&origin=https%3A%2F%2Fwww.google.com&cn=callout&pid=1&spid=538&hl=en"
            }
          ],
          "SSLCipher": "TLS_AES_256_GCM_SHA384",
          "SSLVersion": "TLS1.3"
        },
        {
          "HTTPVersion": "HTTP/1.1",
          "IP": "142.250.182.46",
          "IncludeInScript": true,
          "Name": "apis.google.com",
          "Port": 443,
          "Requests": [
            {
              "CompressionType": "gzip",
              "DataType": "text/javascript",
              "DownloadTime": 187,
              "EventId": 262,
              "HttpStatus": 200,
              "Size": 41131,
              "URL": "https://apis.google.com/_/scs/abc-static/_/js/k=gapi.gapi.en.GsbA68hXs80.O/m=gapi_iframes,googleapis_client/rt=j/sv=1/d=1/ed=1/rs=AHpOoo899t-H8Lxb3OqzMDuPn6TV_i36ag/cb=gapi.loaded_0"
            }
          ],
          "SSLCipher": "",
          "SSLVersion": ""
        }
      ],
      "IncludeInScript": true
    }
  ],
  "WebSocket": {
    "IncludeInScript": false,
    "IsScriptIncludeWebSocket": false
  },
  "NumberOfCorrelations": 0
}