<?xml version="1.0" encoding="utf-8"?>
<VugenScriptMetadata>
  <ScriptName>Script1</ScriptName>
  <Protocol>Web - HTTP/HTML</Protocol>
  <ActionFiles>
    <FileEntry Name="vuser_init.c" Filter="2" />
    <FileEntry Name="Action.c" Filter="2" />
    <FileEntry Name="vuser_end.c" Filter="2" />
  </ActionFiles>
  <GeneralFiles>
    <FileEntry Name="Script1.usr" Filter="4" />
    <FileEntry Name="default.cfg" Filter="4" />
    <FileEntry Name="default.usp" Filter="4" />
    <FileEntry Name="Script1.prm" Filter="2" />
    <FileEntry Name="AsyncCallbacks.c" Filter="2" />
    <FileEntry Name="globals.h" Filter="2" />
    <FileEntry Name="LoginCred.dat" Filter="2" />
    <FileEntry Name="LoginCredential.dat" Filter="2" />
    <FileEntry Name="combined_Script1.c" Filter="2" />
    <FileEntry Name="pre_cci.c" Filter="2" />
    <FileEntry Name="126039552440.idx" Filter="1" />
    <FileEntry Name="234900350440.idx" Filter="1" />
    <FileEntry Name="23490035044_0ep.690.idx" Filter="1" />
    <FileEntry Name="23490035044_0lq.692.idx" Filter="1" />
    <FileEntry Name="23490035044_7EN.694.idx" Filter="1" />
    <FileEntry Name="23490035044_dTD.383.idx" Filter="1" />
    <FileEntry Name="23490035044_EcO.241.idx" Filter="1" />
    <FileEntry Name="23490035044_EOJ.693.idx" Filter="1" />
    <FileEntry Name="23490035044_GmX.581.idx" Filter="1" />
    <FileEntry Name="23490035044_Mim.587.idx" Filter="1" />
    <FileEntry Name="23490035044_T5Q.689.idx" Filter="1" />
    <FileEntry Name="23490035044_VOL.435.idx" Filter="1" />
    <FileEntry Name="23490035044_x8F.687.idx" Filter="1" />
    <FileEntry Name="23490035044_zBk.839.idx" Filter="1" />
    <FileEntry Name="23490035044_zE9.691.idx" Filter="1" />
    <FileEntry Name="Bookmarks.xml" Filter="1" />
    <FileEntry Name="Breakpoints.xml" Filter="1" />
    <FileEntry Name="CompilerLogMetadata.xml" Filter="1" />
    <FileEntry Name="custom_body_variables.txt" Filter="1" />
    <FileEntry Name="logfile.log" Filter="1" />
    <FileEntry Name="lrw_custom_body.h" Filter="1" />
    <FileEntry Name="mdrv.log" Filter="1" />
    <FileEntry Name="mdrv_cmd.txt" Filter="1" />
    <FileEntry Name="options.txt" Filter="1" />
    <FileEntry Name="output.bak" Filter="1" />
    <FileEntry Name="output.txt" Filter="1" />
    <FileEntry Name="OutputColoringDatabase.json" Filter="1" />
    <FileEntry Name="ReplaySummaryReport.xml" Filter="1" />
    <FileEntry Name="Script1.c.pickle" Filter="1" />
    <FileEntry Name="Script1.ci" Filter="1" />
    <FileEntry Name="Script1.prm.bak" Filter="1" />
    <FileEntry Name="ScriptUploadMetadata.xml" Filter="1" />
    <FileEntry Name="ThumbnailsCache.tmp" Filter="1" />
    <FileEntry Name="TransactionsData.db" Filter="1" />
    <FileEntry Name="UserTasks.xml" Filter="1" />
    <FileEntry Name="data\" Filter="1" />
    <FileEntry Name="result1\" Filter="1" />
  </GeneralFiles>
</VugenScriptMetadata>