{
  "FilterHeaders": [
    {
      "Header": "x-goog-update-updater",
      "IncludeInScript": false
    },
    {
      "Header": "x-goog-update-interactivity",
      "IncludeInScript": false
    },
    {
      "Header": "x-goog-update-appid",
      "IncludeInScript": false
    },
    {
      "Header": "user-agent",
      "IncludeInScript": false
    },
    {
      "Header": "upgrade-insecure-requests",
      "IncludeInScript": false
    },
    {
      "Header": "sec-fetch-user",
      "IncludeInScript": false
    },
    {
      "Header": "sec-fetch-site",
      "IncludeInScript": false
    },
    {
      "Header": "sec-fetch-mode",
      "IncludeInScript": false
    },
    {
      "Header": "sec-fetch-dest",
      "IncludeInScript": false
    },
    {
      "Header": "sec-ch-ua-platform",
      "IncludeInScript": false
    },
    {
      "Header": "sec-ch-ua-mobile",
      "IncludeInScript": false
    },
    {
      "Header": "sec-ch-ua",
      "IncludeInScript": false
    },
    {
      "Header": "origin",
      "IncludeInScript": false
    },
    {
      "Header": "if-none-match",
      "IncludeInScript": false
    },
    {
      "Header": "accept-language",
      "IncludeInScript": false
    },
    {
      "Header": "accept-encoding",
      "IncludeInScript": false
    },
    {
      "Header": "accept",
      "IncludeInScript": false
    },
    {
      "Header": "a-im",
      "IncludeInScript": false
    }
  ],
  "FilterResources": [
    {
      "IsNonResource": false,
      "type": "text/plain"
    },
    {
      "IsNonResource": false,
      "type": "text/javascript"
    },
    {
      "IsNonResource": true,
      "type": "text/html"
    },
    {
      "IsNonResource": false,
      "type": "text/css"
    },
    {
      "IsNonResource": false,
      "type": "image/svg+xml"
    },
    {
      "IsNonResource": false,
      "type": "image/png"
    },
    {
      "IsNonResource": false,
      "type": "image/jpeg"
    },
    {
      "IsNonResource": false,
      "type": "application/pkix-cert"
    },
    {
      "IsNonResource": true,
      "type": "application/json"
    },
    {
      "IsNonResource": false,
      "type": "application/javascript"
    }
  ],
  "GeneralInfo": {
    "BrowserVersion": "",
    "IsWinInetMode": false,
    "MaxUsedConnections": 30,
    "RecordedBrowser": "Chrome",
    "RecordingDate": "Feb-06-2024",
    "RecordingDuration": 118782,
    "RecordingMode": "N/A",
    "RecordingTimeStamp": 1707211886,
    "RecordingType": "Browser",
    "TotalBytesReceived": 478564,
    "TotalBytesSent": 37449,
    "TotalRequests": 45,
    "UserAgent": "Mozilla/5.0 (Windows NT 10.0; Win64; x64) AppleWebKit/537.36 (KHTML, like Gecko) Chrome/121.0.0.0 Safari/537.36"
  },
  "HostInfo": [
    {
      "DomainName": "stripe.com",
      "Domains": [
        {
          "HTTPVersion": "HTTP/1.1",
          "IP": "18.161.246.59",
          "IncludeInScript": true,
          "Name": "js.stripe.com",
          "Port": 443,
          "Requests": [
            {
              "CompressionType": "br",
              "DataType": "text/javascript",
              "DownloadTime": 31,
              "EventId": 53,
              "HttpStatus": 200,
              "Size": 147947,
              "URL": "https://js.stripe.com/v3/"
            }
          ],
          "SSLCipher": "",
          "SSLVersion": ""
        }
      ],
      "IncludeInScript": true
    },
    {
      "DomainName": "servedby-buysellads.com",
      "Domains": [
        {
          "HTTPVersion": "HTTP/1.1",
          "IP": "108.158.251.68",
          "IncludeInScript": true,
          "Name": "m.servedby-buysellads.com",
          "Port": 443,
          "Requests": [
            {
              "CompressionType": "gzip",
              "DataType": "application/javascript",
              "DownloadTime": 32,
              "EventId": 57,
              "HttpStatus": 200,
              "Size": 7150,
              "URL": "https://m.servedby-buysellads.com/monetization.custom.js"
            }
          ],
          "SSLCipher": "",
          "SSLVersion": ""
        }
      ],
      "IncludeInScript": true
    },
    {
      "DomainName": "reqres.in",
      "Domains": [
        {
          "HTTPVersion": "HTTP/1.1",
          "IP": "172.67.73.173",
          "IncludeInScript": true,
          "Name": "reqres.in",
          "Port": 443,
          "Requests": [
            {
              "CompressionType": "",
              "DataType": "application/json",
              "DownloadTime": 328,
              "EventId": 601,
              "HttpStatus": 201,
              "Size": 84,
              "URL": "https://reqres.in/api/users"
            },
            {
              "CompressionType": "br",
              "DataType": "application/json",
              "DownloadTime": 46,
              "EventId": 594,
              "HttpStatus": 200,
              "Size": 192,
              "URL": "https://reqres.in/api/users/2"
            },
            {
              "CompressionType": "br",
              "DataType": "text/html",
              "DownloadTime": 47,
              "EventId": 533,
              "HttpStatus": 404,
              "Size": 1892,
              "URL": "https://reqres.in/favicon.ico"
            },
            {
              "CompressionType": "",
              "DataType": "image/jpeg",
              "DownloadTime": 375,
              "EventId": 518,
              "HttpStatus": 200,
              "Size": 2770,
              "URL": "https://reqres.in/img/faces/6-image.jpg"
            },
            {
              "CompressionType": "",
              "DataType": "image/jpeg",
              "DownloadTime": 344,
              "EventId": 513,
              "HttpStatus": 200,
              "Size": 3231,
              "URL": "https://reqres.in/img/faces/5-image.jpg"
            },
            {
              "CompressionType": "",
              "DataType": "image/jpeg",
              "DownloadTime": 437,
              "EventId": 508,
              "HttpStatus": 200,
              "Size": 3539,
              "URL": "https://reqres.in/img/faces/4-image.jpg"
            },
            {
              "CompressionType": "",
              "DataType": "image/jpeg",
              "DownloadTime": 391,
              "EventId": 503,
              "HttpStatus": 200,
              "Size": 4175,
              "URL": "https://reqres.in/img/faces/3-image.jpg"
            },
            {
              "CompressionType": "",
              "DataType": "image/jpeg",
              "DownloadTime": 375,
              "EventId": 498,
              "HttpStatus": 200,
              "Size": 3709,
              "URL": "https://reqres.in/img/faces/2-image.jpg"
            },
            {
              "CompressionType": "",
              "DataType": "image/jpeg",
              "DownloadTime": 328,
              "EventId": 493,
              "HttpStatus": 200,
              "Size": 4324,
              "URL": "https://reqres.in/img/faces/1-image.jpg"
            },
            {
              "CompressionType": "br",
              "DataType": "application/json",
              "DownloadTime": 78,
              "EventId": 440,
              "HttpStatus": 200,
              "Size": 352,
              "URL": "https://reqres.in/api/users/"
            },
            {
              "CompressionType": "br",
              "DataType": "application/json",
              "DownloadTime": 281,
              "EventId": 257,
              "HttpStatus": 200,
              "Size": 366,
              "URL": "https://reqres.in/api/users?page=2"
            },
            {
              "CompressionType": "br",
              "DataType": "application/javascript",
              "DownloadTime": 344,
              "EventId": 215,
              "HttpStatus": 200,
              "Size": 2649,
              "URL": "https://reqres.in/js/app.js"
            },
            {
              "CompressionType": "",
              "DataType": "image/png",
              "DownloadTime": 360,
              "EventId": 102,
              "HttpStatus": 200,
              "Size": 17409,
              "URL": "https://reqres.in/img/logo.png"
            },
            {
              "CompressionType": "",
              "DataType": "image/jpeg",
              "DownloadTime": 344,
              "EventId": 98,
              "HttpStatus": 200,
              "Size": 41104,
              "URL": "https://reqres.in/img/swagger-logo-horizontal.jpeg"
            },
            {
              "CompressionType": "gzip",
              "DataType": "application/javascript",
              "DownloadTime": 79,
              "EventId": 86,
              "HttpStatus": 200,
              "Size": 655,
              "URL": "https://reqres.in/cdn-cgi/scripts/5c5dd728/cloudflare-static/email-decode.min.js"
            },
            {
              "CompressionType": "br",
              "DataType": "text/css",
              "DownloadTime": 343,
              "EventId": 49,
              "HttpStatus": 200,
              "Size": 3888,
              "URL": "https://reqres.in/css/app.css"
            },
            {
              "CompressionType": "br",
              "DataType": "text/html",
              "DownloadTime": 360,
              "EventId": 18,
              "HttpStatus": 200,
              "Size": 7128,
              "URL": "https://reqres.in/"
            }
          ],
          "SSLCipher": "",
          "SSLVersion": ""
        }
      ],
      "IncludeInScript": true
    },
    {
      "DomainName": "mailchimp.com",
      "Domains": [
        {
          "HTTPVersion": "HTTP/1.1",
          "IP": "18.161.229.89",
          "IncludeInScript": true,
          "Name": "cdn-images.mailchimp.com",
          "Port": 443,
          "Requests": [
            {
              "CompressionType": "gzip",
              "DataType": "text/css",
              "DownloadTime": 15,
              "EventId": 90,
              "HttpStatus": 200,
              "Size": 1258,
              "URL": "https://cdn-images.mailchimp.com/embedcode/classic-10_7.css"
            }
          ],
          "SSLCipher": "",
          "SSLVersion": ""
        }
      ],
      "IncludeInScript": true
    },
    {
      "DomainName": "jsdelivr.net",
      "Domains": [
        {
          "HTTPVersion": "HTTP/1.1",
          "IP": "199.232.105.229",
          "IncludeInScript": true,
          "Name": "cdn.jsdelivr.net",
          "Port": 443,
          "Requests": [
            {
              "CompressionType": "br",
              "DataType": "image/svg+xml",
              "DownloadTime": 31,
              "EventId": 366,
              "HttpStatus": 200,
              "Size": 184,
              "URL": "https://cdn.jsdelivr.net/gh/PKief/vscode-material-icon-theme@master/icons/npm.svg"
            },
            {
              "CompressionType": "br",
              "DataType": "image/svg+xml",
              "DownloadTime": 31,
              "EventId": 362,
              "HttpStatus": 200,
              "Size": 987,
              "URL": "https://cdn.jsdelivr.net/gh/PKief/vscode-material-icon-theme@master/icons/typescript.svg"
            },
            {
              "CompressionType": "br",
              "DataType": "image/svg+xml",
              "DownloadTime": 31,
              "EventId": 334,
              "HttpStatus": 200,
              "Size": 178,
              "URL": "https://cdn.jsdelivr.net/gh/PKief/vscode-material-icon-theme@master/icons/css.svg"
            }
          ],
          "SSLCipher": "",
          "SSLVersion": ""
        }
      ],
      "IncludeInScript": true
    },
    {
      "DomainName": "jsdelivr.com",
      "Domains": [
        {
          "HTTPVersion": "HTTP/1.1",
          "IP": "103.180.115.9",
          "IncludeInScript": true,
          "Name": "data.jsdelivr.com",
          "Port": 443,
          "Requests": [
            {
              "CompressionType": "br",
              "DataType": "application/json",
              "DownloadTime": 94,
              "EventId": 406,
              "HttpStatus": 200,
              "Size": 10207,
              "URL": "https://data.jsdelivr.com/v1/package/npm/@babel/runtime@7.23.9/flat"
            },
            {
              "CompressionType": "br",
              "DataType": "application/json",
              "DownloadTime": 31,
              "EventId": 396,
              "HttpStatus": 200,
              "Size": 1022,
              "URL": "https://data.jsdelivr.com/v1/package/npm/react@17.0.0/flat"
            },
            {
              "CompressionType": "br",
              "DataType": "application/json",
              "DownloadTime": 31,
              "EventId": 388,
              "HttpStatus": 200,
              "Size": 466,
              "URL": "https://data.jsdelivr.com/v1/package/npm/@babel/runtime"
            },
            {
              "CompressionType": "br",
              "DataType": "application/json",
              "DownloadTime": 31,
              "EventId": 383,
              "HttpStatus": 200,
              "Size": 510,
              "URL": "https://data.jsdelivr.com/v1/package/npm/@babel/core"
            }
          ],
          "SSLCipher": "TLS_AES_256_GCM_SHA384",
          "SSLVersion": "TLS1.3"
        }
      ],
      "IncludeInScript": true
    },
    {
      "DomainName": "googletagmanager.com",
      "Domains": [
        {
          "HTTPVersion": "HTTP/1.1",
          "IP": "142.250.182.104",
          "IncludeInScript": true,
          "Name": "www.googletagmanager.com",
          "Port": 443,
          "Requests": [
            {
              "CompressionType": "br",
              "DataType": "application/javascript",
              "DownloadTime": 94,
              "EventId": 194,
              "HttpStatus": 200,
              "Size": 70086,
              "URL": "https://www.googletagmanager.com/gtag/js?id=UA-174008107-1"
            },
            {
              "CompressionType": "br",
              "DataType": "application/javascript",
              "DownloadTime": 78,
              "EventId": 141,
              "HttpStatus": 200,
              "Size": 53508,
              "URL": "https://www.googletagmanager.com/gtm.js?id=GTM-KB622KF"
            }
          ],
          "SSLCipher": "",
          "SSLVersion": ""
        }
      ],
      "IncludeInScript": true
    },
    {
      "DomainName": "googleapis.com",
      "Domains": [
        {
          "HTTPVersion": "HTTP/1.1",
          "IP": "142.250.76.35",
          "IncludeInScript": true,
          "Name": "update.googleapis.com",
          "Port": 443,
          "Requests": [
            {
              "CompressionType": "gzip",
              "DataType": "application/json",
              "DownloadTime": 281,
              "EventId": 584,
              "HttpStatus": 200,
              "Size": 901,
              "URL": "https://update.googleapis.com/service/update2/json?cup2key=13:NZNgjM-Q3EJMsqfagwZMs-i43k54esox195NUH_yi6k&cup2hreq=7e3e6893e49d1735833ec42417b3d3f73fb8805e425a01f6073ecf28994c0b4c"
            }
          ],
          "SSLCipher": "TLS_AES_256_GCM_SHA384",
          "SSLVersion": "TLS1.3"
        },
        {
          "HTTPVersion": "HTTP/1.1",
          "IP": "142.250.196.74",
          "IncludeInScript": true,
          "Name": "fonts.googleapis.com",
          "Port": 443,
          "Requests": [
            {
              "CompressionType": "gzip",
              "DataType": "text/css",
              "DownloadTime": 78,
              "EventId": 294,
              "HttpStatus": 200,
              "Size": 858,
              "URL": "https://fonts.googleapis.com/css?family=Roboto:300,400,500,700|Source%20Code%20Pro:500"
            }
          ],
          "SSLCipher": "",
          "SSLVersion": ""
        },
        {
          "HTTPVersion": "HTTP/1.1",
          "IP": "142.250.195.99",
          "IncludeInScript": true,
          "Name": "clientservices.googleapis.com",
          "Port": 443,
          "Requests": [
            {
              "CompressionType": "",
              "DataType": "",
              "DownloadTime": 219,
              "EventId": 16,
              "HttpStatus": 304,
              "Size": 0,
              "URL": "https://clientservices.googleapis.com/chrome-variations/seed?osname=win&channel=stable&milestone=121"
            }
          ],
          "SSLCipher": "TLS_AES_256_GCM_SHA384",
          "SSLVersion": "TLS1.3"
        }
      ],
      "IncludeInScript": true
    },
    {
      "DomainName": "google-analytics.com",
      "Domains": [
        {
          "HTTPVersion": "HTTP/1.1",
          "IP": "142.250.193.142",
          "IncludeInScript": true,
          "Name": "www.google-analytics.com",
          "Port": 443,
          "Requests": [
            {
              "CompressionType": "",
              "DataType": "text/plain",
              "DownloadTime": 62,
              "EventId": 369,
              "HttpStatus": 204,
              "Size": 0,
              "URL": "https://www.google-analytics.com/g/collect?v=2&tid=G-WSM10MMEKC&gtm=45je41v0h1v9125911393za200&_p=1707211890869&gcd=13l3l3l3l2&npa=0&dma=0&ul=en-gb&sr=1280x720&cid=1170301109.1707211893&uaa=x86&uab=64&uafvl=Not%2520A(Brand%3B99.0.0.0%7CGoogle%2520Chrome%3B121.0.6167.140%7CChromium%3B121.0.6167.140&uamb=0&uam=&uap=Windows&uapv=10.0.0&uaw=0&are=1&pscdl=noapi&_eu=ABAI&_s=1&dl=https%3A%2F%2Freqres.in%2F&dt=Reqres%20-%20A%20hosted%20REST-API%20ready%20to%20respond%20to%20your%20AJAX%20requests&sid=1707211893&sct=1&seg=0&en=page_view&_fv=1&_ss=1&_ee=1&tfd=5382"
            },
            {
              "CompressionType": "",
              "DataType": "text/plain",
              "DownloadTime": 63,
              "EventId": 317,
              "HttpStatus": 200,
              "Size": 1,
              "URL": "https://www.google-analytics.com/j/collect?v=1&_v=j101&a=2133935956&t=pageview&_s=1&dl=https%3A%2F%2Freqres.in%2F&ul=en-gb&de=UTF-8&dt=Reqres%20-%20A%20hosted%20REST-API%20ready%20to%20respond%20to%20your%20AJAX%20requests&sd=24-bit&sr=1280x720&vp=1263x541&je=0&_u=YADAAUABAAAAACAAI~&jid=867492055&gjid=1243280539&cid=1170301109.1707211893&tid=UA-174008107-1&_gid=483073999.1707211893&_r=1&gtm=457e41v0za200&gcd=13l3l3l3l1&dma=0&jsscut=1&z=769239230"
            },
            {
              "CompressionType": "",
              "DataType": "text/plain",
              "DownloadTime": 63,
              "EventId": 315,
              "HttpStatus": 200,
              "Size": 15,
              "URL": "https://www.google-analytics.com/j/collect?v=1&_v=j101&a=2133935956&t=pageview&_s=1&dl=https%3A%2F%2Freqres.in%2F&ul=en-gb&de=UTF-8&dt=Reqres%20-%20A%20hosted%20REST-API%20ready%20to%20respond%20to%20your%20AJAX%20requests&sd=24-bit&sr=1280x720&vp=1263x541&je=0&_u=IADAAEABAAAAACAAI~&jid=1727563794&gjid=1120659893&cid=1170301109.1707211893&tid=UA-55888877-1&_gid=483073999.1707211893&_r=1&_slc=1&z=947026112"
            },
            {
              "CompressionType": "",
              "DataType": "text/plain",
              "DownloadTime": 63,
              "EventId": 300,
              "HttpStatus": 204,
              "Size": 0,
              "URL": "https://www.google-analytics.com/g/collect?v=2&tid=G-CESXN06JTW&gtm=45je41v0v9136517129za200&_p=1707211890869&gcd=13l3l3l3l1&npa=0&dma=0&cid=1170301109.1707211893&ul=en-gb&sr=1280x720&uaa=x86&uab=64&uafvl=Not%2520A(Brand%3B99.0.0.0%7CGoogle%2520Chrome%3B121.0.6167.140%7CChromium%3B121.0.6167.140&uamb=0&uam=&uap=Windows&uapv=10.0.0&uaw=0&are=1&pscdl=noapi&_eu=AAAI&_s=1&sid=1707211892&sct=1&seg=0&dl=https%3A%2F%2Freqres.in%2F&dt=Reqres%20-%20A%20hosted%20REST-API%20ready%20to%20respond%20to%20your%20AJAX%20requests&en=page_view&_fv=1&_nsi=1&_ss=1&tfd=4699"
            },
            {
              "CompressionType": "gzip",
              "DataType": "text/javascript",
              "DownloadTime": 15,
              "EventId": 276,
              "HttpStatus": 200,
              "Size": 20994,
              "URL": "https://www.google-analytics.com/analytics.js"
            }
          ],
          "SSLCipher": "TLS_AES_256_GCM_SHA384",
          "SSLVersion": "TLS1.3"
        }
      ],
      "IncludeInScript": true
    },
    {
      "DomainName": "githubusercontent.com",
      "Domains": [
        {
          "HTTPVersion": "HTTP/1.1",
          "IP": "185.199.108.133",
          "IncludeInScript": true,
          "Name": "raw.githubusercontent.com",
          "Port": 443,
          "Requests": [
            {
              "CompressionType": "gzip",
              "DataType": "text/plain",
              "DownloadTime": 15,
              "EventId": 479,
              "HttpStatus": 200,
              "Size": 11098,
              "URL": "https://raw.githubusercontent.com/SchemaStore/schemastore/master/src/schemas/json/tsconfig.json"
            },
            {
              "CompressionType": "gzip",
              "DataType": "text/plain",
              "DownloadTime": 16,
              "EventId": 447,
              "HttpStatus": 200,
              "Size": 8804,
              "URL": "https://raw.githubusercontent.com/SchemaStore/schemastore/master/src/schemas/json/jsconfig.json"
            },
            {
              "CompressionType": "gzip",
              "DataType": "text/plain",
              "DownloadTime": 31,
              "EventId": 444,
              "HttpStatus": 200,
              "Size": 2470,
              "URL": "https://raw.githubusercontent.com/SchemaStore/schemastore/master/src/schemas/json/prettierrc.json"
            },
            {
              "CompressionType": "gzip",
              "DataType": "text/plain",
              "DownloadTime": 31,
              "EventId": 433,
              "HttpStatus": 200,
              "Size": 5581,
              "URL": "https://raw.githubusercontent.com/SchemaStore/schemastore/master/src/schemas/json/package.json"
            }
          ],
          "SSLCipher": "TLS_AES_128_GCM_SHA256",
          "SSLVersion": "TLS1.3"
        },
        {
          "HTTPVersion": "HTTP/1.1",
          "IP": "185.199.111.133",
          "IncludeInScript": true,
          "Name": "avatars.githubusercontent.com",
          "Port": 443,
          "Requests": [
            {
              "CompressionType": "",
              "DataType": "image/jpeg",
              "DownloadTime": 31,
              "EventId": 331,
              "HttpStatus": 200,
              "Size": 19092,
              "URL": "https://avatars.githubusercontent.com/u/868803?v=4"
            }
          ],
          "SSLCipher": "TLS_AES_128_GCM_SHA256",
          "SSLVersion": "TLS1.3"
        }
      ],
      "IncludeInScript": true
    },
    {
      "DomainName": "digicert.com",
      "Domains": [
        {
          "HTTPVersion": "HTTP/1.1",
          "IP": "152.195.38.76",
          "IncludeInScript": true,
          "Name": "cacerts.digicert.com",
          "Port": 80,
          "Requests": [
            {
              "CompressionType": "",
              "DataType": "application/pkix-cert",
              "DownloadTime": 15,
              "EventId": 43,
              "HttpStatus": 200,
              "Size": 1210,
              "URL": "http://cacerts.digicert.com/DigiCertSHA2ExtendedValidationServerCA.crt"
            }
          ],
          "SSLCipher": "None",
          "SSLVersion": "None"
        }
      ],
      "IncludeInScript": true
    },
    {
      "DomainName": "cloudflareinsights.com",
      "Domains": [
        {
          "HTTPVersion": "HTTP/1.1",
          "IP": "104.16.57.101",
          "IncludeInScript": true,
          "Name": "static.cloudflareinsights.com",
          "Port": 443,
          "Requests": [
            {
              "CompressionType": "gzip",
              "DataType": "text/javascript",
              "DownloadTime": 109,
              "EventId": 307,
              "HttpStatus": 200,
              "Size": 6854,
              "URL": "https://static.cloudflareinsights.com/beacon.min.js/v84a3a4012de94ce1a686ba8c167c359c1696973893317"
            }
          ],
          "SSLCipher": "TLS_AES_256_GCM_SHA384",
          "SSLVersion": "TLS1.3"
        }
      ],
      "IncludeInScript": true
    },
    {
      "DomainName": "carbonads.com",
      "Domains": [
        {
          "HTTPVersion": "HTTP/1.1",
          "IP": "108.159.15.78",
          "IncludeInScript": true,
          "Name": "cdn.carbonads.com",
          "Port": 443,
          "Requests": [
            {
              "CompressionType": "gzip",
              "DataType": "application/javascript",
              "DownloadTime": 15,
              "EventId": 110,
              "HttpStatus": 200,
              "Size": 9716,
              "URL": "https://cdn.carbonads.com/carbon.js?serve=CE7D6K3E&placement=reqresin"
            }
          ],
          "SSLCipher": "",
          "SSLVersion": ""
        }
      ],
      "IncludeInScript": true
    }
  ],
  "WebSocket": {
    "IncludeInScript": false,
    "IsScriptIncludeWebSocket": false
  },
  "NumberOfCorrelations": 1
}