﻿<?xml version="1.0"?>
<!DOCTYPE Report
[
<!ELEMENT Report (General ,(Doc|BPT)) >
<!ATTLIST Report ver CDATA #REQUIRED tmZone CDATA #REQUIRED>

<!ELEMENT General ( DocLocation ) >
<!ATTLIST General productName CDATA #REQUIRED productVer CDATA #REQUIRED os CDATA #REQUIRED host CDATA #REQUIRED qcserver CDATA #IMPLIED qcproject CDATA #IMPLIED SolManSolutionId CDATA #IMPLIED SolManProjectId CDATA #IMPLIED SolManTestPlanId CDATA #IMPLIED SolManTestPackageId CDATA #IMPLIED SolManUserInfoData CDATA #IMPLIED  >

<!ELEMENT BPT (DName,Res,DVer?,TSet?,TInst?,NodeArgs,AdditionalInfo*,Doc*) >
<!ATTLIST BPT rID ID #REQUIRED >

<!ELEMENT Doc (DName,ConfName?,Res,DVer?,TSet?,TInst?,RunType?,DT?,AdditionalInfo*,Step*,DIter*,Step*,Action*,Doc*,Summary?,TestMaintenanceSummary*,NodeArgs?) >
<!ATTLIST Doc rID ID #REQUIRED type (Test|BC|BPTWrapperTest|Flow|Group|Action) "Test" productName CDATA #REQUIRED BCIter CDATA #IMPLIED >

<!ELEMENT RunType ( #PCDATA )>
<!ATTLIST RunType fmStep (False|True) "False" batch (False|True) "False" upDesc (False|True) "False" upChk (False|True) "False" upAS (False|True) "False">

<!ELEMENT DName ( #PCDATA ) >

<!ELEMENT ConfName ( #PCDATA ) >

<!ELEMENT Res ( #PCDATA ) >

<!ELEMENT AdditionalInfo (AdditionalDataName,AdditionalDataValue ) >

<!ELEMENT AdditionalDataName ( #PCDATA ) >

<!ELEMENT AdditionalDataValue ( #PCDATA ) >

<!ELEMENT DVer ( #PCDATA ) >

<!ELEMENT TSet ( #PCDATA ) >

<!ELEMENT TInst ( #PCDATA ) >

<!ELEMENT DIter (Step*,Action+,Summary?,NodeArgs)>
<!ATTLIST DIter rID ID #REQUIRED iterID CDATA #REQUIRED>

<!ELEMENT DocLocation ( #PCDATA )>

<!ELEMENT Action (AName,AIter*,(Step|HtmlStep|Action)*, Summary,ActionMaintenanceSummary*, NodeArgs ) >
<!ATTLIST Action rID ID #REQUIRED>

<!ELEMENT AIter ((Step|HtmlStep|Action)*,DataMapping?, Summary?,NodeArgs) >
<!ATTLIST AIter rID ID #REQUIRED iterID CDATA #REQUIRED isCountable (False|True) "False" >

<!ELEMENT AName ( #PCDATA ) >

<!ELEMENT TestMaintenanceSummary (ActionMaintenanceSummary*) >
<!ATTLIST TestMaintenanceSummary ObjectsAdded CDATA #REQUIRED ObjectsUpdated CDATA #REQUIRED StepsUpdated CDATA #REQUIRED StepsComments CDATA #REQUIRED><!ELEMENT ActionMaintenanceSummary (ObjectChange* ) >
<!ATTLIST ActionMaintenanceSummary Action CDATA #REQUIRED Objects CDATA #REQUIRED Updated CDATA #REQUIRED LinesTotal CDATA #REQUIRED Added CDATA #REQUIRED LinesUpdated CDATA #REQUIRED>

<!ELEMENT ObjectChange  (Hierarchy, PropertyChangeList* ) >
<!ATTLIST ObjectChange Operation CDATA #IMPLIED OriginalRepository CDATA #IMPLIED>

<!ELEMENT PropertyChangeList (PropertyDef*) >

<!ELEMENT PropertyDef (OriginalValue, NewValue) >
<!ATTLIST PropertyDef PropName CDATA #REQUIRED OriginRegularExpression (True|False) "False" NewRegularExpression (True|False) "False" AddedProperty (True|False) "False" >

<!ELEMENT OriginalValue ( #PCDATA )>

<!ELEMENT NewValue ( #PCDATA )>

<!ELEMENT Hierarchy  (ObjectName, Hierarchy*) >
<!ATTLIST Hierarchy MicClass CDATA #REQUIRED>

<!ELEMENT ObjectName  ( #PCDATA ) >

<!ELEMENT Step (Obj,Details,Time,TimeTick* ,(Step|HtmlStep|Doc)*, DataMapping?, NodeArgs) >
<!ATTLIST Step rID ID #REQUIRED retval CDATA #IMPLIED>

<!ELEMENT HtmlStep (HTML,TimeTick*,(Step|HtmlStep|Doc)*,NodeArgs) >
<!ATTLIST HtmlStep rID ID #REQUIRED >

<!ELEMENT Obj ( #PCDATA ) >
<!ATTLIST Obj plainTxt (False|True) "True">

<!ELEMENT Details ( #PCDATA ) >
<!ATTLIST Details plainTxt (False|True) "True">

<!ELEMENT Time ( #PCDATA ) >

<!ELEMENT HTML ( #PCDATA ) >

<!ELEMENT Disp ( #PCDATA ) >

<!ELEMENT TimeTick ( #PCDATA ) >

<!ELEMENT DataMapping ( DataMappedItem* )>
<!ELEMENT DataMappedItem EMPTY >
<!ATTLIST DataMappedItem dsName CDATA #REQUIRED >
<!ATTLIST DataMappedItem rowId CDATA #REQUIRED >

<!ELEMENT NodeArgs (Disp,TopPane?,BtmPane?,ExtendedInfo? )>
<!ATTLIST NodeArgs eType CDATA #REQUIRED icon CDATA #REQUIRED nRep CDATA #REQUIRED UserNote CDATA #IMPLIED filter (False|True) "True">
<!ATTLIST NodeArgs status (Passed|Failed|Done|Warning|Information) "Done">
<!ATTLIST NodeArgs iconSel CDATA #IMPLIED nType CDATA #IMPLIED MovieMarker CDATA "">
<!ATTLIST NodeArgs Source CDATA #IMPLIED SourceLine CDATA #IMPLIED StepFlowItemKey CDATA #IMPLIED >

<!ELEMENT TopPane (Path)>

<!ELEMENT BtmPane ( (Path|WR)?,ASHilite?)>
<!ATTLIST BtmPane vType CDATA "HTML">

<!ELEMENT Path ( #PCDATA ) >

<!ELEMENT ASHilite ( #PCDATA ) >

<!ELEMENT WR ( #PCDATA ) >

<!ELEMENT ExtendedInfo ( StepData ) >

<!ATTLIST ExtendedInfo StepType CDATA #REQUIRED>
<!ELEMENT DT (NodeArgs) >
<!ATTLIST DT rID ID #REQUIRED>

<!ELEMENT Summary (Param*)>
<!ATTLIST Summary sTime CDATA #IMPLIED eTime CDATA #IMPLIED passed CDATA #IMPLIED failed CDATA #IMPLIED warnings CDATA #IMPLIED retval CDATA #IMPLIED stopped (False|True) "False" >

<!ELEMENT Param (ParamName,ParamVal)+ >
<!ATTLIST Param paramInOut (In|Out) "In">

<!ELEMENT ParamName ( #PCDATA ) >

<!ELEMENT ParamVal ( #PCDATA ) >

]
>
<Report ver="2.0" tmZone="India Standard Time">
<General productName="Vugen" productVer="2023" os="" host="B1B52C5ED45F53A"><DocLocation><![CDATA[D:\LR Script\Google_Image_Language]]></DocLocation></General>
<Doc rID="T1"   productName= "Vugen"  >
<DName><![CDATA[Google_Image_Language]]></DName>
<Res><![CDATA[result1]]></Res>
<Action rID="T2">
<AName><![CDATA[vuser_init]]></AName>
<Summary sTime="08-02-2024 - 09:31:52" eTime="08-02-2024 - 09:31:52" passed="0" failed="0" warnings="0" ></Summary>
<NodeArgs eType="StartAction" icon="2" nRep="5" >
<Disp><![CDATA[vuser_init Summary]]></Disp>
</NodeArgs>
</Action>
<DIter rID="T3" iterID="1" >
<Action rID="T4">
<AName><![CDATA[Action]]></AName>
<Step rID="T5">
<Obj plainTxt="False" ><![CDATA[Service: Set Sockets Option]]></Obj>
<Details plainTxt="False" ><![CDATA[<CENTER>Set socket option <STRONG><FONT COLOR=#00AF00>SSL_VERSION</FONT></STRONG> with value <STRONG><FONT COLOR=#00AF00>AUTO</FONT></STRONG></CENTER>]]></Details>
<Time><![CDATA[08-02-2024 - 09:31:52]]></Time>
<TimeTick>1707364912</TimeTick>
<NodeArgs eType="General" icon="4" nRep="9" >
<Disp><![CDATA[Service: Set Sockets Option]]></Disp>
</NodeArgs>
</Step>
<Step rID="T6">
<Obj plainTxt="False" ><![CDATA[Url: www.google.com]]></Obj>
<Details plainTxt="False" ><![CDATA[<CENTER><STRONG><FONT COLOR=#009A63>Step completed successfully</FONT></STRONG></CENTER>]]></Details>
<Time><![CDATA[08-02-2024 - 09:31:53]]></Time>
<TimeTick>1707364913</TimeTick>
<NodeArgs eType="General" icon="5" nRep="10" status="Passed" >
<Disp><![CDATA[Url: www.google.com]]></Disp>
<BtmPane vType="HTMLSNSH" >
<Path><![CDATA[\Iteration1\t1.inf]]></Path>
</BtmPane>
</NodeArgs>
</Step>
<Step rID="T7">
<Obj plainTxt="False" ><![CDATA[Service: Concurrent Group - start]]></Obj>
<Details plainTxt="False" ><![CDATA[<CENTER>Concurrent Group started</CENTER>]]></Details>
<Time><![CDATA[08-02-2024 - 09:31:53]]></Time>
<TimeTick>1707364913</TimeTick>
<NodeArgs eType="General" icon="6" nRep="11" >
<Disp><![CDATA[Service: Concurrent Group - start]]></Disp>
</NodeArgs>
</Step>
<Step rID="T8">
<Obj plainTxt="False" ><![CDATA[Url: seed]]></Obj>
<Details plainTxt="False" ><![CDATA[<CENTER><STRONG><FONT COLOR=#009A63>Url: seed registered successfully</FONT></STRONG></CENTER>]]></Details>
<Time><![CDATA[08-02-2024 - 09:31:53]]></Time>
<TimeTick>1707364913</TimeTick>
<NodeArgs eType="General" icon="5" nRep="12" >
<Disp><![CDATA[Url: seed]]></Disp>
</NodeArgs>
</Step>
<Step rID="T9">
<Obj plainTxt="False" ><![CDATA[Url: rs=AA2YrTtkjt2EctqOb9JozsNi632JEdnRdg]]></Obj>
<Details plainTxt="False" ><![CDATA[<CENTER><STRONG><FONT COLOR=#009A63>Url: rs=AA2YrTtkjt2EctqOb9JozsNi632JEdnRdg registered successfully</FONT></STRONG></CENTER>]]></Details>
<Time><![CDATA[08-02-2024 - 09:31:53]]></Time>
<TimeTick>1707364913</TimeTick>
<NodeArgs eType="General" icon="5" nRep="13" >
<Disp><![CDATA[Url: rs=AA2YrTtkjt2EctqOb9JozsNi632JEdnRdg]]></Disp>
</NodeArgs>
</Step>
<Step rID="T10">
<Obj plainTxt="False" ><![CDATA[Url: rs=AA2YrTuKAn3-aelv4toOlCHsuXvLz49A7Q]]></Obj>
<Details plainTxt="False" ><![CDATA[<CENTER><STRONG><FONT COLOR=#009A63>Url: rs=AA2YrTuKAn3-aelv4toOlCHsuXvLz49A7Q registered successfully</FONT></STRONG></CENTER>]]></Details>
<Time><![CDATA[08-02-2024 - 09:31:53]]></Time>
<TimeTick>1707364913</TimeTick>
<NodeArgs eType="General" icon="5" nRep="14" >
<Disp><![CDATA[Url: rs=AA2YrTuKAn3-aelv4toOlCHsuXvLz49A7Q]]></Disp>
</NodeArgs>
</Step>
<Step rID="T11">
<Obj plainTxt="False" ><![CDATA[Url: ChVDaHJvbWUvMTIxLjAuNjE2Ny4xNDASGQn11VQ7sgCk8RIFDWlIR0chrbMLunyG1js=]]></Obj>
<Details plainTxt="False" ><![CDATA[<CENTER><STRONG><FONT COLOR=#009A63>Url: ChVDaHJvbWUvMTIxLjAuNjE2Ny4xNDASGQn11VQ7sgCk8RIFDWlIR0chrbMLunyG1js= registered successfully</FONT></STRONG></CENTER>]]></Details>
<Time><![CDATA[08-02-2024 - 09:31:53]]></Time>
<TimeTick>1707364913</TimeTick>
<NodeArgs eType="General" icon="5" nRep="15" >
<Disp><![CDATA[Url: ChVDaHJvbWUvMTIxLjAuNjE2Ny4xNDASGQn11VQ7sgCk8RIFDWlIR0chrbMLunyG1js=]]></Disp>
</NodeArgs>
</Step>
<Step rID="T12">
<Obj plainTxt="False" ><![CDATA[Service: Concurrent Group - end]]></Obj>
<Details plainTxt="False" ><![CDATA[<CENTER>Concurrent Group ended</CENTER>]]></Details>
<Time><![CDATA[08-02-2024 - 09:31:55]]></Time>
<TimeTick>1707364915</TimeTick>
<NodeArgs eType="General" icon="7" nRep="16" >
<Disp><![CDATA[Service: Concurrent Group - end]]></Disp>
</NodeArgs>
</Step>
<Step rID="T13">
<Obj plainTxt="False" ><![CDATA[Service: Add Cookie]]></Obj>
<Details plainTxt="False" ><![CDATA[<CENTER>Add the following cookie: <STRONG><FONT COLOR=#00AF00>NID=511=b4Eq8X0TzVb-ubS9jkx5jEPmBVelVZiwFFWXuV85L5Ik5iLfunqv7KWIVbzb-OCSKJFPMRTo-S1p_9SdDgzxNbh0kPo5YbH8MfnrkuksxsaSst5Yzmf9lmPlS-Zy-p1YSWhJ6ox828RMJI6FLa0KSStWIM557H4ilgk6eGseg4TEQ0JYl7357cJt; DOMAIN=ogs.google.com</FONT></STRONG></CENTER>]]></Details>
<Time><![CDATA[08-02-2024 - 09:31:55]]></Time>
<TimeTick>1707364915</TimeTick>
<NodeArgs eType="General" icon="8" nRep="17" >
<Disp><![CDATA[Service: Add Cookie]]></Disp>
</NodeArgs>
</Step>
<Step rID="T14">
<Obj plainTxt="False" ><![CDATA[Url: callout]]></Obj>
<Details plainTxt="False" ><![CDATA[<CENTER><STRONG><FONT COLOR=#009A63>Step completed successfully</FONT></STRONG></CENTER>]]></Details>
<Time><![CDATA[08-02-2024 - 09:31:55]]></Time>
<TimeTick>1707364915</TimeTick>
<NodeArgs eType="General" icon="5" nRep="18" status="Passed" >
<Disp><![CDATA[Url: callout]]></Disp>
<BtmPane vType="HTMLSNSH" >
<Path><![CDATA[\Iteration1\t2.inf]]></Path>
</BtmPane>
</NodeArgs>
</Step>
<Step rID="T15">
<Obj plainTxt="False" ><![CDATA[Service: Set Sockets Option]]></Obj>
<Details plainTxt="False" ><![CDATA[<CENTER>Set socket option <STRONG><FONT COLOR=#00AF00>TLS_SNI</FONT></STRONG> with value <STRONG><FONT COLOR=#00AF00>0</FONT></STRONG></CENTER>]]></Details>
<Time><![CDATA[08-02-2024 - 09:31:55]]></Time>
<TimeTick>1707364915</TimeTick>
<NodeArgs eType="General" icon="4" nRep="19" >
<Disp><![CDATA[Service: Set Sockets Option]]></Disp>
</NodeArgs>
</Step>
<Step rID="T16">
<Obj plainTxt="False" ><![CDATA[Service: Concurrent Group - start]]></Obj>
<Details plainTxt="False" ><![CDATA[<CENTER>Concurrent Group started</CENTER>]]></Details>
<Time><![CDATA[08-02-2024 - 09:31:55]]></Time>
<TimeTick>1707364915</TimeTick>
<NodeArgs eType="General" icon="6" nRep="20" >
<Disp><![CDATA[Service: Concurrent Group - start]]></Disp>
</NodeArgs>
</Step>
<Step rID="T17">
<Obj plainTxt="False" ><![CDATA[Url: KFOmCnqEu92Fr1Mu4mxK.woff2]]></Obj>
<Details plainTxt="False" ><![CDATA[<CENTER><STRONG><FONT COLOR=#009A63>Url: KFOmCnqEu92Fr1Mu4mxK.woff2 registered successfully</FONT></STRONG></CENTER>]]></Details>
<Time><![CDATA[08-02-2024 - 09:31:55]]></Time>
<TimeTick>1707364915</TimeTick>
<NodeArgs eType="General" icon="5" nRep="21" >
<Disp><![CDATA[Url: KFOmCnqEu92Fr1Mu4mxK.woff2]]></Disp>
</NodeArgs>
</Step>
<Step rID="T18">
<Obj plainTxt="False" ><![CDATA[Url: 4Ua_rENHsxJlGDuGo1OIlJfC6l_24rlCK1Yo_Iqcsih3SAyH6cAwhX9RFD48TE63OOYKtrw2IJllpyk.woff2]]></Obj>
<Details plainTxt="False" ><![CDATA[<CENTER><STRONG><FONT COLOR=#009A63>Url: 4Ua_rENHsxJlGDuGo1OIlJfC6l_24rlCK1Yo_Iqcsih3SAyH6cAwhX9RFD48TE63OOYKtrw2IJllpyk.woff2 registered successfully</FONT></STRONG></CENTER>]]></Details>
<Time><![CDATA[08-02-2024 - 09:31:55]]></Time>
<TimeTick>1707364915</TimeTick>
<NodeArgs eType="General" icon="5" nRep="22" >
<Disp><![CDATA[Url: 4Ua_rENHsxJlGDuGo1OIlJfC6l_24rlCK1Yo_Iqcsih3SAyH6cAwhX9RFD48TE63OOYKtrw2IJllpyk.woff2]]></Disp>
</NodeArgs>
</Step>
<Step rID="T19">
<Obj plainTxt="False" ><![CDATA[Service: Concurrent Group - end]]></Obj>
<Details plainTxt="False" ><![CDATA[<CENTER>Concurrent Group ended</CENTER>]]></Details>
<Time><![CDATA[08-02-2024 - 09:31:56]]></Time>
<TimeTick>1707364916</TimeTick>
<NodeArgs eType="General" icon="7" nRep="23" >
<Disp><![CDATA[Service: Concurrent Group - end]]></Disp>
</NodeArgs>
</Step>
<Step rID="T20">
<Obj plainTxt="False" ><![CDATA[Service: Set Sockets Option]]></Obj>
<Details plainTxt="False" ><![CDATA[<CENTER>Set socket option <STRONG><FONT COLOR=#00AF00>TLS_SNI</FONT></STRONG> with value <STRONG><FONT COLOR=#00AF00>1</FONT></STRONG></CENTER>]]></Details>
<Time><![CDATA[08-02-2024 - 09:31:56]]></Time>
<TimeTick>1707364916</TimeTick>
<NodeArgs eType="General" icon="4" nRep="24" >
<Disp><![CDATA[Service: Set Sockets Option]]></Disp>
</NodeArgs>
</Step>
<Step rID="T21">
<Obj plainTxt="False" ><![CDATA[Custom Request: log]]></Obj>
<Details plainTxt="False" ><![CDATA[<CENTER><STRONG><FONT COLOR=#009A63>Step completed successfully</FONT></STRONG></CENTER>]]></Details>
<Time><![CDATA[08-02-2024 - 09:31:56]]></Time>
<TimeTick>1707364916</TimeTick>
<NodeArgs eType="General" icon="9" nRep="25" status="Passed" >
<Disp><![CDATA[Custom Request: log]]></Disp>
<BtmPane vType="HTMLSNSH" >
<Path><![CDATA[\Iteration1\t3.inf]]></Path>
</BtmPane>
</NodeArgs>
</Step>
<Step rID="T22">
<Obj plainTxt="False" ><![CDATA[Service: Add Cookie]]></Obj>
<Details plainTxt="False" ><![CDATA[<CENTER>Add the following cookie: <STRONG><FONT COLOR=#00AF00>NID=511=b4Eq8X0TzVb-ubS9jkx5jEPmBVelVZiwFFWXuV85L5Ik5iLfunqv7KWIVbzb-OCSKJFPMRTo-S1p_9SdDgzxNbh0kPo5YbH8MfnrkuksxsaSst5Yzmf9lmPlS-Zy-p1YSWhJ6ox828RMJI6FLa0KSStWIM557H4ilgk6eGseg4TEQ0JYl7357cJt; DOMAIN=apis.google.com</FONT></STRONG></CENTER>]]></Details>
<Time><![CDATA[08-02-2024 - 09:31:56]]></Time>
<TimeTick>1707364916</TimeTick>
<NodeArgs eType="General" icon="8" nRep="26" >
<Disp><![CDATA[Service: Add Cookie]]></Disp>
</NodeArgs>
</Step>
<Step rID="T23">
<Obj plainTxt="False" ><![CDATA[Url: cb=gapi.loaded_0]]></Obj>
<Details plainTxt="False" ><![CDATA[<CENTER><STRONG><FONT COLOR=#009A63>Resource loaded successfully</FONT></STRONG></CENTER>]]></Details>
<Time><![CDATA[08-02-2024 - 09:31:56]]></Time>
<TimeTick>1707364916</TimeTick>
<NodeArgs eType="General" icon="5" nRep="27" status="Passed" >
<Disp><![CDATA[Url: cb=gapi.loaded_0]]></Disp>
</NodeArgs>
</Step>
<Step rID="T24">
<Obj plainTxt="False" ><![CDATA[Service: Add Cookie]]></Obj>
<Details plainTxt="False" ><![CDATA[<CENTER>Add the following cookie: <STRONG><FONT COLOR=#00AF00>NID=511=b4Eq8X0TzVb-ubS9jkx5jEPmBVelVZiwFFWXuV85L5Ik5iLfunqv7KWIVbzb-OCSKJFPMRTo-S1p_9SdDgzxNbh0kPo5YbH8MfnrkuksxsaSst5Yzmf9lmPlS-Zy-p1YSWhJ6ox828RMJI6FLa0KSStWIM557H4ilgk6eGseg4TEQ0JYl7357cJt; DOMAIN=play.google.com</FONT></STRONG></CENTER>]]></Details>
<Time><![CDATA[08-02-2024 - 09:31:56]]></Time>
<TimeTick>1707364916</TimeTick>
<NodeArgs eType="General" icon="8" nRep="28" >
<Disp><![CDATA[Service: Add Cookie]]></Disp>
</NodeArgs>
</Step>
<Step rID="T25">
<Obj plainTxt="False" ><![CDATA[Service: Add Cookie]]></Obj>
<Details plainTxt="False" ><![CDATA[<CENTER>Add the following cookie: <STRONG><FONT COLOR=#00AF00>OGPC=19037049-1:; DOMAIN=play.google.com</FONT></STRONG></CENTER>]]></Details>
<Time><![CDATA[08-02-2024 - 09:31:56]]></Time>
<TimeTick>1707364916</TimeTick>
<NodeArgs eType="General" icon="8" nRep="29" >
<Disp><![CDATA[Service: Add Cookie]]></Disp>
</NodeArgs>
</Step>
<Step rID="T26">
<Obj plainTxt="False" ><![CDATA[Custom Request: log_2]]></Obj>
<Details plainTxt="False" ><![CDATA[<CENTER><STRONG><FONT COLOR=#009A63>Step completed successfully</FONT></STRONG></CENTER>]]></Details>
<Time><![CDATA[08-02-2024 - 09:31:56]]></Time>
<TimeTick>1707364916</TimeTick>
<NodeArgs eType="General" icon="9" nRep="30" status="Passed" >
<Disp><![CDATA[Custom Request: log_2]]></Disp>
<BtmPane vType="HTMLSNSH" >
<Path><![CDATA[\Iteration1\t4.inf]]></Path>
</BtmPane>
</NodeArgs>
</Step>
<Summary sTime="08-02-2024 - 09:31:52" eTime="08-02-2024 - 09:31:56" passed="5" failed="0" warnings="0" ></Summary>
<NodeArgs eType="StartAction" icon="2" nRep="8" status="Passed" >
<Disp><![CDATA[Action Summary]]></Disp>
</NodeArgs>
</Action>
<NodeArgs eType="StartIteration" icon="3" nRep="7" status="Passed" >
<Disp><![CDATA[Google_Image_Language Iteration 1 (Row 1)]]></Disp>
</NodeArgs>
</DIter>
<Action rID="T27">
<AName><![CDATA[vuser_end]]></AName>
<Summary sTime="08-02-2024 - 09:31:56" eTime="08-02-2024 - 09:31:56" passed="0" failed="0" warnings="0" ></Summary>
<NodeArgs eType="StartAction" icon="2" nRep="33" >
<Disp><![CDATA[vuser_end Summary]]></Disp>
</NodeArgs>
</Action>
<Summary sTime="08-02-2024 - 09:31:52" eTime="08-02-2024 - 09:31:56" passed="5" failed="0" warnings="0" ></Summary>
<NodeArgs eType="StartTest" icon="1" nRep="4" status="Passed" >
<Disp><![CDATA[Test Google_Image_Language Summary]]></Disp>
</NodeArgs>
</Doc>
</Report>