﻿<?xml version="1.0"?>
<!DOCTYPE Report
[
<!ELEMENT Report (General ,(Doc|BPT)) >
<!ATTLIST Report ver CDATA #REQUIRED tmZone CDATA #REQUIRED>

<!ELEMENT General ( DocLocation ) >
<!ATTLIST General productName CDATA #REQUIRED productVer CDATA #REQUIRED os CDATA #REQUIRED host CDATA #REQUIRED qcserver CDATA #IMPLIED qcproject CDATA #IMPLIED SolManSolutionId CDATA #IMPLIED SolManProjectId CDATA #IMPLIED SolManTestPlanId CDATA #IMPLIED SolManTestPackageId CDATA #IMPLIED SolManUserInfoData CDATA #IMPLIED  >

<!ELEMENT BPT (DName,Res,DVer?,TSet?,TInst?,NodeArgs,AdditionalInfo*,Doc*) >
<!ATTLIST BPT rID ID #REQUIRED >

<!ELEMENT Doc (DName,ConfName?,Res,DVer?,TSet?,TInst?,RunType?,DT?,AdditionalInfo*,Step*,DIter*,Step*,Action*,Doc*,Summary?,TestMaintenanceSummary*,NodeArgs?) >
<!ATTLIST Doc rID ID #REQUIRED type (Test|BC|BPTWrapperTest|Flow|Group|Action) "Test" productName CDATA #REQUIRED BCIter CDATA #IMPLIED >

<!ELEMENT RunType ( #PCDATA )>
<!ATTLIST RunType fmStep (False|True) "False" batch (False|True) "False" upDesc (False|True) "False" upChk (False|True) "False" upAS (False|True) "False">

<!ELEMENT DName ( #PCDATA ) >

<!ELEMENT ConfName ( #PCDATA ) >

<!ELEMENT Res ( #PCDATA ) >

<!ELEMENT AdditionalInfo (AdditionalDataName,AdditionalDataValue ) >

<!ELEMENT AdditionalDataName ( #PCDATA ) >

<!ELEMENT AdditionalDataValue ( #PCDATA ) >

<!ELEMENT DVer ( #PCDATA ) >

<!ELEMENT TSet ( #PCDATA ) >

<!ELEMENT TInst ( #PCDATA ) >

<!ELEMENT DIter (Step*,Action+,Summary?,NodeArgs)>
<!ATTLIST DIter rID ID #REQUIRED iterID CDATA #REQUIRED>

<!ELEMENT DocLocation ( #PCDATA )>

<!ELEMENT Action (AName,AIter*,(Step|HtmlStep|Action)*, Summary,ActionMaintenanceSummary*, NodeArgs ) >
<!ATTLIST Action rID ID #REQUIRED>

<!ELEMENT AIter ((Step|HtmlStep|Action)*,DataMapping?, Summary?,NodeArgs) >
<!ATTLIST AIter rID ID #REQUIRED iterID CDATA #REQUIRED isCountable (False|True) "False" >

<!ELEMENT AName ( #PCDATA ) >

<!ELEMENT TestMaintenanceSummary (ActionMaintenanceSummary*) >
<!ATTLIST TestMaintenanceSummary ObjectsAdded CDATA #REQUIRED ObjectsUpdated CDATA #REQUIRED StepsUpdated CDATA #REQUIRED StepsComments CDATA #REQUIRED><!ELEMENT ActionMaintenanceSummary (ObjectChange* ) >
<!ATTLIST ActionMaintenanceSummary Action CDATA #REQUIRED Objects CDATA #REQUIRED Updated CDATA #REQUIRED LinesTotal CDATA #REQUIRED Added CDATA #REQUIRED LinesUpdated CDATA #REQUIRED>

<!ELEMENT ObjectChange  (Hierarchy, PropertyChangeList* ) >
<!ATTLIST ObjectChange Operation CDATA #IMPLIED OriginalRepository CDATA #IMPLIED>

<!ELEMENT PropertyChangeList (PropertyDef*) >

<!ELEMENT PropertyDef (OriginalValue, NewValue) >
<!ATTLIST PropertyDef PropName CDATA #REQUIRED OriginRegularExpression (True|False) "False" NewRegularExpression (True|False) "False" AddedProperty (True|False) "False" >

<!ELEMENT OriginalValue ( #PCDATA )>

<!ELEMENT NewValue ( #PCDATA )>

<!ELEMENT Hierarchy  (ObjectName, Hierarchy*) >
<!ATTLIST Hierarchy MicClass CDATA #REQUIRED>

<!ELEMENT ObjectName  ( #PCDATA ) >

<!ELEMENT Step (Obj,Details,Time,TimeTick* ,(Step|HtmlStep|Doc)*, DataMapping?, NodeArgs) >
<!ATTLIST Step rID ID #REQUIRED retval CDATA #IMPLIED>

<!ELEMENT HtmlStep (HTML,TimeTick*,(Step|HtmlStep|Doc)*,NodeArgs) >
<!ATTLIST HtmlStep rID ID #REQUIRED >

<!ELEMENT Obj ( #PCDATA ) >
<!ATTLIST Obj plainTxt (False|True) "True">

<!ELEMENT Details ( #PCDATA ) >
<!ATTLIST Details plainTxt (False|True) "True">

<!ELEMENT Time ( #PCDATA ) >

<!ELEMENT HTML ( #PCDATA ) >

<!ELEMENT Disp ( #PCDATA ) >

<!ELEMENT TimeTick ( #PCDATA ) >

<!ELEMENT DataMapping ( DataMappedItem* )>
<!ELEMENT DataMappedItem EMPTY >
<!ATTLIST DataMappedItem dsName CDATA #REQUIRED >
<!ATTLIST DataMappedItem rowId CDATA #REQUIRED >

<!ELEMENT NodeArgs (Disp,TopPane?,BtmPane?,ExtendedInfo? )>
<!ATTLIST NodeArgs eType CDATA #REQUIRED icon CDATA #REQUIRED nRep CDATA #REQUIRED UserNote CDATA #IMPLIED filter (False|True) "True">
<!ATTLIST NodeArgs status (Passed|Failed|Done|Warning|Information) "Done">
<!ATTLIST NodeArgs iconSel CDATA #IMPLIED nType CDATA #IMPLIED MovieMarker CDATA "">
<!ATTLIST NodeArgs Source CDATA #IMPLIED SourceLine CDATA #IMPLIED StepFlowItemKey CDATA #IMPLIED >

<!ELEMENT TopPane (Path)>

<!ELEMENT BtmPane ( (Path|WR)?,ASHilite?)>
<!ATTLIST BtmPane vType CDATA "HTML">

<!ELEMENT Path ( #PCDATA ) >

<!ELEMENT ASHilite ( #PCDATA ) >

<!ELEMENT WR ( #PCDATA ) >

<!ELEMENT ExtendedInfo ( StepData ) >

<!ATTLIST ExtendedInfo StepType CDATA #REQUIRED>
<!ELEMENT DT (NodeArgs) >
<!ATTLIST DT rID ID #REQUIRED>

<!ELEMENT Summary (Param*)>
<!ATTLIST Summary sTime CDATA #IMPLIED eTime CDATA #IMPLIED passed CDATA #IMPLIED failed CDATA #IMPLIED warnings CDATA #IMPLIED retval CDATA #IMPLIED stopped (False|True) "False" >

<!ELEMENT Param (ParamName,ParamVal)+ >
<!ATTLIST Param paramInOut (In|Out) "In">

<!ELEMENT ParamName ( #PCDATA ) >

<!ELEMENT ParamVal ( #PCDATA ) >

]
>
<Report ver="2.0" tmZone="India Standard Time">
<General productName="Vugen" productVer="2023" os="" host="B1B52C5ED45F53A"><DocLocation><![CDATA[D:\LR Script\ReqRes]]></DocLocation></General>
<Doc rID="T1"   productName= "Vugen"  >
<DName><![CDATA[ReqRes]]></DName>
<Res><![CDATA[result1]]></Res>
<Action rID="T2">
<AName><![CDATA[vuser_init]]></AName>
<Summary sTime="06-02-2024 - 15:25:43" eTime="06-02-2024 - 15:25:43" passed="0" failed="0" warnings="0" ></Summary>
<NodeArgs eType="StartAction" icon="2" nRep="5" >
<Disp><![CDATA[vuser_init Summary]]></Disp>
</NodeArgs>
</Action>
<DIter rID="T3" iterID="1" >
<Action rID="T4">
<AName><![CDATA[Action]]></AName>
<Step rID="T5">
<Obj plainTxt="False" ><![CDATA[Service: Set Sockets Option]]></Obj>
<Details plainTxt="False" ><![CDATA[<CENTER>Set socket option <STRONG><FONT COLOR=#00AF00>SSL_VERSION</FONT></STRONG> with value <STRONG><FONT COLOR=#00AF00>AUTO</FONT></STRONG></CENTER>]]></Details>
<Time><![CDATA[06-02-2024 - 15:25:43]]></Time>
<TimeTick>1707213343</TimeTick>
<NodeArgs eType="General" icon="4" nRep="9" >
<Disp><![CDATA[Service: Set Sockets Option]]></Disp>
</NodeArgs>
</Step>
<Step rID="T6">
<Obj plainTxt="False" ><![CDATA[Url: seed]]></Obj>
<Details plainTxt="False" ><![CDATA[<CENTER><STRONG><FONT COLOR=#009A63>Resource of content type ""application/octet-stream"" loaded successfully</FONT></STRONG></CENTER>]]></Details>
<Time><![CDATA[06-02-2024 - 15:25:44]]></Time>
<TimeTick>1707213344</TimeTick>
<NodeArgs eType="General" icon="5" nRep="10" status="Passed" >
<Disp><![CDATA[Url: seed]]></Disp>
</NodeArgs>
</Step>
<Step rID="T7">
<Obj plainTxt="False" ><![CDATA[Url: reqres.in]]></Obj>
<Details plainTxt="False" ><![CDATA[<CENTER><STRONG><FONT COLOR=#009A63>Step completed successfully</FONT></STRONG></CENTER>]]></Details>
<Time><![CDATA[06-02-2024 - 15:25:45]]></Time>
<TimeTick>1707213345</TimeTick>
<NodeArgs eType="General" icon="5" nRep="11" status="Passed" >
<Disp><![CDATA[Url: reqres.in]]></Disp>
<BtmPane vType="HTMLSNSH" >
<Path><![CDATA[\Iteration1\t2.inf]]></Path>
</BtmPane>
</NodeArgs>
</Step>
<Step rID="T8">
<Obj plainTxt="False" ><![CDATA[Service: Concurrent Group - start]]></Obj>
<Details plainTxt="False" ><![CDATA[<CENTER>Concurrent Group started</CENTER>]]></Details>
<Time><![CDATA[06-02-2024 - 15:25:45]]></Time>
<TimeTick>1707213345</TimeTick>
<NodeArgs eType="General" icon="6" nRep="12" >
<Disp><![CDATA[Service: Concurrent Group - start]]></Disp>
</NodeArgs>
</Step>
<Step rID="T9">
<Obj plainTxt="False" ><![CDATA[Url: DigiCertSHA2ExtendedValidationServerCA.crt]]></Obj>
<Details plainTxt="False" ><![CDATA[<CENTER><STRONG><FONT COLOR=#009A63>Url: DigiCertSHA2ExtendedValidationServerCA.crt registered successfully</FONT></STRONG></CENTER>]]></Details>
<Time><![CDATA[06-02-2024 - 15:25:45]]></Time>
<TimeTick>1707213345</TimeTick>
<NodeArgs eType="General" icon="5" nRep="13" >
<Disp><![CDATA[Url: DigiCertSHA2ExtendedValidationServerCA.crt]]></Disp>
</NodeArgs>
</Step>
<Step rID="T10">
<Obj plainTxt="False" ><![CDATA[Url: app.css]]></Obj>
<Details plainTxt="False" ><![CDATA[<CENTER><STRONG><FONT COLOR=#009A63>Url: app.css registered successfully</FONT></STRONG></CENTER>]]></Details>
<Time><![CDATA[06-02-2024 - 15:25:45]]></Time>
<TimeTick>1707213345</TimeTick>
<NodeArgs eType="General" icon="5" nRep="14" >
<Disp><![CDATA[Url: app.css]]></Disp>
</NodeArgs>
</Step>
<Step rID="T11">
<Obj plainTxt="False" ><![CDATA[Url: v3]]></Obj>
<Details plainTxt="False" ><![CDATA[<CENTER><STRONG><FONT COLOR=#009A63>Url: v3 registered successfully</FONT></STRONG></CENTER>]]></Details>
<Time><![CDATA[06-02-2024 - 15:25:45]]></Time>
<TimeTick>1707213345</TimeTick>
<NodeArgs eType="General" icon="5" nRep="15" >
<Disp><![CDATA[Url: v3]]></Disp>
</NodeArgs>
</Step>
<Step rID="T12">
<Obj plainTxt="False" ><![CDATA[Url: monetization.custom.js]]></Obj>
<Details plainTxt="False" ><![CDATA[<CENTER><STRONG><FONT COLOR=#009A63>Url: monetization.custom.js registered successfully</FONT></STRONG></CENTER>]]></Details>
<Time><![CDATA[06-02-2024 - 15:25:45]]></Time>
<TimeTick>1707213345</TimeTick>
<NodeArgs eType="General" icon="5" nRep="16" >
<Disp><![CDATA[Url: monetization.custom.js]]></Disp>
</NodeArgs>
</Step>
<Step rID="T13">
<Obj plainTxt="False" ><![CDATA[Url: email-decode.min.js]]></Obj>
<Details plainTxt="False" ><![CDATA[<CENTER><STRONG><FONT COLOR=#009A63>Url: email-decode.min.js registered successfully</FONT></STRONG></CENTER>]]></Details>
<Time><![CDATA[06-02-2024 - 15:25:45]]></Time>
<TimeTick>1707213345</TimeTick>
<NodeArgs eType="General" icon="5" nRep="17" >
<Disp><![CDATA[Url: email-decode.min.js]]></Disp>
</NodeArgs>
</Step>
<Step rID="T14">
<Obj plainTxt="False" ><![CDATA[Url: classic-10_7.css]]></Obj>
<Details plainTxt="False" ><![CDATA[<CENTER><STRONG><FONT COLOR=#009A63>Url: classic-10_7.css registered successfully</FONT></STRONG></CENTER>]]></Details>
<Time><![CDATA[06-02-2024 - 15:25:45]]></Time>
<TimeTick>1707213345</TimeTick>
<NodeArgs eType="General" icon="5" nRep="18" >
<Disp><![CDATA[Url: classic-10_7.css]]></Disp>
</NodeArgs>
</Step>
<Step rID="T15">
<Obj plainTxt="False" ><![CDATA[Url: swagger-logo-horizontal.jpeg]]></Obj>
<Details plainTxt="False" ><![CDATA[<CENTER><STRONG><FONT COLOR=#009A63>Url: swagger-logo-horizontal.jpeg registered successfully</FONT></STRONG></CENTER>]]></Details>
<Time><![CDATA[06-02-2024 - 15:25:45]]></Time>
<TimeTick>1707213345</TimeTick>
<NodeArgs eType="General" icon="5" nRep="19" >
<Disp><![CDATA[Url: swagger-logo-horizontal.jpeg]]></Disp>
</NodeArgs>
</Step>
<Step rID="T16">
<Obj plainTxt="False" ><![CDATA[Url: logo.png]]></Obj>
<Details plainTxt="False" ><![CDATA[<CENTER><STRONG><FONT COLOR=#009A63>Url: logo.png registered successfully</FONT></STRONG></CENTER>]]></Details>
<Time><![CDATA[06-02-2024 - 15:25:45]]></Time>
<TimeTick>1707213345</TimeTick>
<NodeArgs eType="General" icon="5" nRep="20" >
<Disp><![CDATA[Url: logo.png]]></Disp>
</NodeArgs>
</Step>
<Step rID="T17">
<Obj plainTxt="False" ><![CDATA[Url: carbon.js]]></Obj>
<Details plainTxt="False" ><![CDATA[<CENTER><STRONG><FONT COLOR=#009A63>Url: carbon.js registered successfully</FONT></STRONG></CENTER>]]></Details>
<Time><![CDATA[06-02-2024 - 15:25:45]]></Time>
<TimeTick>1707213345</TimeTick>
<NodeArgs eType="General" icon="5" nRep="21" >
<Disp><![CDATA[Url: carbon.js]]></Disp>
</NodeArgs>
</Step>
<Step rID="T18">
<Obj plainTxt="False" ><![CDATA[Url: gtm.js]]></Obj>
<Details plainTxt="False" ><![CDATA[<CENTER><STRONG><FONT COLOR=#009A63>Url: gtm.js registered successfully</FONT></STRONG></CENTER>]]></Details>
<Time><![CDATA[06-02-2024 - 15:25:45]]></Time>
<TimeTick>1707213345</TimeTick>
<NodeArgs eType="General" icon="5" nRep="22" >
<Disp><![CDATA[Url: gtm.js]]></Disp>
</NodeArgs>
</Step>
<Step rID="T19">
<Obj plainTxt="False" ><![CDATA[Url: js]]></Obj>
<Details plainTxt="False" ><![CDATA[<CENTER><STRONG><FONT COLOR=#009A63>Url: js registered successfully</FONT></STRONG></CENTER>]]></Details>
<Time><![CDATA[06-02-2024 - 15:25:45]]></Time>
<TimeTick>1707213345</TimeTick>
<NodeArgs eType="General" icon="5" nRep="23" >
<Disp><![CDATA[Url: js]]></Disp>
</NodeArgs>
</Step>
<Step rID="T20">
<Obj plainTxt="False" ><![CDATA[Url: app.js]]></Obj>
<Details plainTxt="False" ><![CDATA[<CENTER><STRONG><FONT COLOR=#009A63>Url: app.js registered successfully</FONT></STRONG></CENTER>]]></Details>
<Time><![CDATA[06-02-2024 - 15:25:45]]></Time>
<TimeTick>1707213345</TimeTick>
<NodeArgs eType="General" icon="5" nRep="24" >
<Disp><![CDATA[Url: app.js]]></Disp>
</NodeArgs>
</Step>
<Step rID="T21">
<Obj plainTxt="False" ><![CDATA[Service: Concurrent Group - end]]></Obj>
<Details plainTxt="False" ><![CDATA[<CENTER>Concurrent Group ended</CENTER>]]></Details>
<Time><![CDATA[06-02-2024 - 15:25:45]]></Time>
<TimeTick>1707213345</TimeTick>
<NodeArgs eType="General" icon="7" nRep="25" >
<Disp><![CDATA[Service: Concurrent Group - end]]></Disp>
</NodeArgs>
</Step>
<Step rID="T22">
<Obj plainTxt="False" ><![CDATA[Custom Request: users]]></Obj>
<Details plainTxt="False" ><![CDATA[<CENTER><STRONG><FONT COLOR=#009A63>Step completed successfully</FONT></STRONG></CENTER>]]></Details>
<Time><![CDATA[06-02-2024 - 15:25:46]]></Time>
<TimeTick>1707213346</TimeTick>
<NodeArgs eType="General" icon="8" nRep="26" status="Passed" >
<Disp><![CDATA[Custom Request: users]]></Disp>
<BtmPane vType="HTMLSNSH" >
<Path><![CDATA[\Iteration1\t3.inf]]></Path>
</BtmPane>
</NodeArgs>
</Step>
<Step rID="T23">
<Obj plainTxt="False" ><![CDATA[Service: Concurrent Group - start]]></Obj>
<Details plainTxt="False" ><![CDATA[<CENTER>Concurrent Group started</CENTER>]]></Details>
<Time><![CDATA[06-02-2024 - 15:25:46]]></Time>
<TimeTick>1707213346</TimeTick>
<NodeArgs eType="General" icon="6" nRep="27" >
<Disp><![CDATA[Service: Concurrent Group - start]]></Disp>
</NodeArgs>
</Step>
<Step rID="T24">
<Obj plainTxt="False" ><![CDATA[Url: analytics.js]]></Obj>
<Details plainTxt="False" ><![CDATA[<CENTER><STRONG><FONT COLOR=#009A63>Url: analytics.js registered successfully</FONT></STRONG></CENTER>]]></Details>
<Time><![CDATA[06-02-2024 - 15:25:46]]></Time>
<TimeTick>1707213346</TimeTick>
<NodeArgs eType="General" icon="5" nRep="28" >
<Disp><![CDATA[Url: analytics.js]]></Disp>
</NodeArgs>
</Step>
<Step rID="T25">
<Obj plainTxt="False" ><![CDATA[Url: css]]></Obj>
<Details plainTxt="False" ><![CDATA[<CENTER><STRONG><FONT COLOR=#009A63>Url: css registered successfully</FONT></STRONG></CENTER>]]></Details>
<Time><![CDATA[06-02-2024 - 15:25:46]]></Time>
<TimeTick>1707213346</TimeTick>
<NodeArgs eType="General" icon="5" nRep="29" >
<Disp><![CDATA[Url: css]]></Disp>
</NodeArgs>
</Step>
<Step rID="T26">
<Obj plainTxt="False" ><![CDATA[Service: Concurrent Group - end]]></Obj>
<Details plainTxt="False" ><![CDATA[<CENTER>Concurrent Group ended</CENTER>]]></Details>
<Time><![CDATA[06-02-2024 - 15:25:46]]></Time>
<TimeTick>1707213346</TimeTick>
<NodeArgs eType="General" icon="7" nRep="30" >
<Disp><![CDATA[Service: Concurrent Group - end]]></Disp>
</NodeArgs>
</Step>
<Step rID="T27">
<Obj plainTxt="False" ><![CDATA[Custom Request: collect]]></Obj>
<Details plainTxt="False" ><![CDATA[<CENTER><STRONG><FONT COLOR=#009A63>Step completed successfully</FONT></STRONG></CENTER>]]></Details>
<Time><![CDATA[06-02-2024 - 15:25:46]]></Time>
<TimeTick>1707213346</TimeTick>
<NodeArgs eType="General" icon="8" nRep="31" status="Passed" >
<Disp><![CDATA[Custom Request: collect]]></Disp>
<BtmPane vType="HTMLSNSH" >
<Path><![CDATA[\Iteration1\t4.inf]]></Path>
</BtmPane>
</NodeArgs>
</Step>
<Step rID="T28">
<Obj plainTxt="False" ><![CDATA[Url: v84a3a4012de94ce1a686ba8c167c359c1696973893317]]></Obj>
<Details plainTxt="False" ><![CDATA[<CENTER><STRONG><FONT COLOR=#009A63>Resource loaded successfully</FONT></STRONG></CENTER>]]></Details>
<Time><![CDATA[06-02-2024 - 15:25:46]]></Time>
<TimeTick>1707213346</TimeTick>
<NodeArgs eType="General" icon="5" nRep="32" status="Passed" >
<Disp><![CDATA[Url: v84a3a4012de94ce1a686ba8c167c359c1696973893317]]></Disp>
</NodeArgs>
</Step>
<Step rID="T29">
<Obj plainTxt="False" ><![CDATA[Custom Request: collect_2]]></Obj>
<Details plainTxt="False" ><![CDATA[<CENTER><STRONG><FONT COLOR=#009A63>Step completed successfully</FONT></STRONG></CENTER>]]></Details>
<Time><![CDATA[06-02-2024 - 15:25:46]]></Time>
<TimeTick>1707213346</TimeTick>
<NodeArgs eType="General" icon="8" nRep="33" status="Passed" >
<Disp><![CDATA[Custom Request: collect_2]]></Disp>
<BtmPane vType="HTMLSNSH" >
<Path><![CDATA[\Iteration1\t5.inf]]></Path>
</BtmPane>
</NodeArgs>
</Step>
<Step rID="T30">
<Obj plainTxt="False" ><![CDATA[Service: Set Sockets Option]]></Obj>
<Details plainTxt="False" ><![CDATA[<CENTER>Set socket option <STRONG><FONT COLOR=#00AF00>TLS_SNI</FONT></STRONG> with value <STRONG><FONT COLOR=#00AF00>0</FONT></STRONG></CENTER>]]></Details>
<Time><![CDATA[06-02-2024 - 15:25:46]]></Time>
<TimeTick>1707213346</TimeTick>
<NodeArgs eType="General" icon="4" nRep="34" >
<Disp><![CDATA[Service: Set Sockets Option]]></Disp>
</NodeArgs>
</Step>
<Step rID="T31">
<Obj plainTxt="False" ><![CDATA[Custom Request: collect_3]]></Obj>
<Details plainTxt="False" ><![CDATA[<CENTER><STRONG><FONT COLOR=#009A63>Step completed successfully</FONT></STRONG></CENTER>]]></Details>
<Time><![CDATA[06-02-2024 - 15:25:47]]></Time>
<TimeTick>1707213347</TimeTick>
<NodeArgs eType="General" icon="8" nRep="35" status="Passed" >
<Disp><![CDATA[Custom Request: collect_3]]></Disp>
<BtmPane vType="HTMLSNSH" >
<Path><![CDATA[\Iteration1\t6.inf]]></Path>
</BtmPane>
</NodeArgs>
</Step>
<Step rID="T32">
<Obj plainTxt="False" ><![CDATA[Service: Set Sockets Option]]></Obj>
<Details plainTxt="False" ><![CDATA[<CENTER>Set socket option <STRONG><FONT COLOR=#00AF00>TLS_SNI</FONT></STRONG> with value <STRONG><FONT COLOR=#00AF00>1</FONT></STRONG></CENTER>]]></Details>
<Time><![CDATA[06-02-2024 - 15:25:47]]></Time>
<TimeTick>1707213347</TimeTick>
<NodeArgs eType="General" icon="4" nRep="36" >
<Disp><![CDATA[Service: Set Sockets Option]]></Disp>
</NodeArgs>
</Step>
<Step rID="T33">
<Obj plainTxt="False" ><![CDATA[Service: Concurrent Group - start]]></Obj>
<Details plainTxt="False" ><![CDATA[<CENTER>Concurrent Group started</CENTER>]]></Details>
<Time><![CDATA[06-02-2024 - 15:25:47]]></Time>
<TimeTick>1707213347</TimeTick>
<NodeArgs eType="General" icon="6" nRep="37" >
<Disp><![CDATA[Service: Concurrent Group - start]]></Disp>
</NodeArgs>
</Step>
<Step rID="T34">
<Obj plainTxt="False" ><![CDATA[Url: 868803]]></Obj>
<Details plainTxt="False" ><![CDATA[<CENTER><STRONG><FONT COLOR=#009A63>Url: 868803 registered successfully</FONT></STRONG></CENTER>]]></Details>
<Time><![CDATA[06-02-2024 - 15:25:47]]></Time>
<TimeTick>1707213347</TimeTick>
<NodeArgs eType="General" icon="5" nRep="38" >
<Disp><![CDATA[Url: 868803]]></Disp>
</NodeArgs>
</Step>
<Step rID="T35">
<Obj plainTxt="False" ><![CDATA[Url: css.svg]]></Obj>
<Details plainTxt="False" ><![CDATA[<CENTER><STRONG><FONT COLOR=#009A63>Url: css.svg registered successfully</FONT></STRONG></CENTER>]]></Details>
<Time><![CDATA[06-02-2024 - 15:25:47]]></Time>
<TimeTick>1707213347</TimeTick>
<NodeArgs eType="General" icon="5" nRep="39" >
<Disp><![CDATA[Url: css.svg]]></Disp>
</NodeArgs>
</Step>
<Step rID="T36">
<Obj plainTxt="False" ><![CDATA[Url: typescript.svg]]></Obj>
<Details plainTxt="False" ><![CDATA[<CENTER><STRONG><FONT COLOR=#009A63>Url: typescript.svg registered successfully</FONT></STRONG></CENTER>]]></Details>
<Time><![CDATA[06-02-2024 - 15:25:47]]></Time>
<TimeTick>1707213347</TimeTick>
<NodeArgs eType="General" icon="5" nRep="40" >
<Disp><![CDATA[Url: typescript.svg]]></Disp>
</NodeArgs>
</Step>
<Step rID="T37">
<Obj plainTxt="False" ><![CDATA[Url: npm.svg]]></Obj>
<Details plainTxt="False" ><![CDATA[<CENTER><STRONG><FONT COLOR=#009A63>Url: npm.svg registered successfully</FONT></STRONG></CENTER>]]></Details>
<Time><![CDATA[06-02-2024 - 15:25:47]]></Time>
<TimeTick>1707213347</TimeTick>
<NodeArgs eType="General" icon="5" nRep="41" >
<Disp><![CDATA[Url: npm.svg]]></Disp>
</NodeArgs>
</Step>
<Step rID="T38">
<Obj plainTxt="False" ><![CDATA[Service: Concurrent Group - end]]></Obj>
<Details plainTxt="False" ><![CDATA[<CENTER>Concurrent Group ended</CENTER>]]></Details>
<Time><![CDATA[06-02-2024 - 15:25:47]]></Time>
<TimeTick>1707213347</TimeTick>
<NodeArgs eType="General" icon="7" nRep="42" >
<Disp><![CDATA[Service: Concurrent Group - end]]></Disp>
</NodeArgs>
</Step>
<Step rID="T39">
<Obj plainTxt="False" ><![CDATA[Service: Set Sockets Option]]></Obj>
<Details plainTxt="False" ><![CDATA[<CENTER>Set socket option <STRONG><FONT COLOR=#00AF00>TLS_SNI</FONT></STRONG> with value <STRONG><FONT COLOR=#00AF00>0</FONT></STRONG></CENTER>]]></Details>
<Time><![CDATA[06-02-2024 - 15:25:47]]></Time>
<TimeTick>1707213347</TimeTick>
<NodeArgs eType="General" icon="4" nRep="43" >
<Disp><![CDATA[Service: Set Sockets Option]]></Disp>
</NodeArgs>
</Step>
<Step rID="T40">
<Obj plainTxt="False" ><![CDATA[Custom Request: collect_4]]></Obj>
<Details plainTxt="False" ><![CDATA[<CENTER><STRONG><FONT COLOR=#009A63>Step completed successfully</FONT></STRONG></CENTER>]]></Details>
<Time><![CDATA[06-02-2024 - 15:25:47]]></Time>
<TimeTick>1707213347</TimeTick>
<NodeArgs eType="General" icon="8" nRep="44" status="Passed" >
<Disp><![CDATA[Custom Request: collect_4]]></Disp>
<BtmPane vType="HTMLSNSH" >
<Path><![CDATA[\Iteration1\t7.inf]]></Path>
</BtmPane>
</NodeArgs>
</Step>
<Step rID="T41">
<Obj plainTxt="False" ><![CDATA[Service: Set Sockets Option]]></Obj>
<Details plainTxt="False" ><![CDATA[<CENTER>Set socket option <STRONG><FONT COLOR=#00AF00>TLS_SNI</FONT></STRONG> with value <STRONG><FONT COLOR=#00AF00>1</FONT></STRONG></CENTER>]]></Details>
<Time><![CDATA[06-02-2024 - 15:25:47]]></Time>
<TimeTick>1707213347</TimeTick>
<NodeArgs eType="General" icon="4" nRep="45" >
<Disp><![CDATA[Service: Set Sockets Option]]></Disp>
</NodeArgs>
</Step>
<Step rID="T42">
<Obj plainTxt="False" ><![CDATA[Url: core]]></Obj>
<Details plainTxt="False" ><![CDATA[<CENTER><STRONG><FONT COLOR=#009A63>Step completed successfully</FONT></STRONG></CENTER>]]></Details>
<Time><![CDATA[06-02-2024 - 15:25:47]]></Time>
<TimeTick>1707213347</TimeTick>
<NodeArgs eType="General" icon="5" nRep="46" status="Passed" >
<Disp><![CDATA[Url: core]]></Disp>
<BtmPane vType="HTMLSNSH" >
<Path><![CDATA[\Iteration1\t8.inf]]></Path>
</BtmPane>
</NodeArgs>
</Step>
<Step rID="T43">
<Obj plainTxt="False" ><![CDATA[Url: runtime]]></Obj>
<Details plainTxt="False" ><![CDATA[<CENTER><STRONG><FONT COLOR=#009A63>Step completed successfully</FONT></STRONG></CENTER>]]></Details>
<Time><![CDATA[06-02-2024 - 15:25:47]]></Time>
<TimeTick>1707213347</TimeTick>
<NodeArgs eType="General" icon="5" nRep="47" status="Passed" >
<Disp><![CDATA[Url: runtime]]></Disp>
<BtmPane vType="HTMLSNSH" >
<Path><![CDATA[\Iteration1\t9.inf]]></Path>
</BtmPane>
</NodeArgs>
</Step>
<Step rID="T44">
<Obj plainTxt="False" ><![CDATA[Url: flat]]></Obj>
<Details plainTxt="False" ><![CDATA[<CENTER><STRONG><FONT COLOR=#009A63>Step completed successfully</FONT></STRONG></CENTER>]]></Details>
<Time><![CDATA[06-02-2024 - 15:25:47]]></Time>
<TimeTick>1707213347</TimeTick>
<NodeArgs eType="General" icon="5" nRep="48" status="Passed" >
<Disp><![CDATA[Url: flat]]></Disp>
<BtmPane vType="HTMLSNSH" >
<Path><![CDATA[\Iteration1\t10.inf]]></Path>
</BtmPane>
</NodeArgs>
</Step>
<Step rID="T45">
<Obj plainTxt="False" ><![CDATA[Url: flat_2]]></Obj>
<Details plainTxt="False" ><![CDATA[<CENTER><STRONG><FONT COLOR=#009A63>Step completed successfully</FONT></STRONG></CENTER>]]></Details>
<Time><![CDATA[06-02-2024 - 15:25:47]]></Time>
<TimeTick>1707213347</TimeTick>
<NodeArgs eType="General" icon="5" nRep="49" status="Passed" >
<Disp><![CDATA[Url: flat_2]]></Disp>
<BtmPane vType="HTMLSNSH" >
<Path><![CDATA[\Iteration1\t11.inf]]></Path>
</BtmPane>
</NodeArgs>
</Step>
<Step rID="T46">
<Obj plainTxt="False" ><![CDATA[Url: package.json]]></Obj>
<Details plainTxt="False" ><![CDATA[<CENTER><STRONG><FONT COLOR=#009A63>Resource loaded successfully</FONT></STRONG></CENTER>]]></Details>
<Time><![CDATA[06-02-2024 - 15:25:48]]></Time>
<TimeTick>1707213348</TimeTick>
<NodeArgs eType="General" icon="5" nRep="50" status="Passed" >
<Disp><![CDATA[Url: package.json]]></Disp>
</NodeArgs>
</Step>
<Step rID="T47">
<Obj plainTxt="False" ><![CDATA[Url: users_2]]></Obj>
<Details plainTxt="False" ><![CDATA[<CENTER><STRONG><FONT COLOR=#009A63>Step completed successfully</FONT></STRONG></CENTER>]]></Details>
<Time><![CDATA[06-02-2024 - 15:25:48]]></Time>
<TimeTick>1707213348</TimeTick>
<NodeArgs eType="General" icon="5" nRep="51" status="Passed" >
<Disp><![CDATA[Url: users_2]]></Disp>
<BtmPane vType="HTMLSNSH" >
<Path><![CDATA[\Iteration1\t12.inf]]></Path>
</BtmPane>
</NodeArgs>
</Step>
<Step rID="T48">
<Obj plainTxt="False" ><![CDATA[Service: Set Sockets Option]]></Obj>
<Details plainTxt="False" ><![CDATA[<CENTER>Set socket option <STRONG><FONT COLOR=#00AF00>TLS_SNI</FONT></STRONG> with value <STRONG><FONT COLOR=#00AF00>0</FONT></STRONG></CENTER>]]></Details>
<Time><![CDATA[06-02-2024 - 15:25:48]]></Time>
<TimeTick>1707213348</TimeTick>
<NodeArgs eType="General" icon="4" nRep="52" >
<Disp><![CDATA[Service: Set Sockets Option]]></Disp>
</NodeArgs>
</Step>
<Step rID="T49">
<Obj plainTxt="False" ><![CDATA[Service: Concurrent Group - start]]></Obj>
<Details plainTxt="False" ><![CDATA[<CENTER>Concurrent Group started</CENTER>]]></Details>
<Time><![CDATA[06-02-2024 - 15:25:48]]></Time>
<TimeTick>1707213348</TimeTick>
<NodeArgs eType="General" icon="6" nRep="53" >
<Disp><![CDATA[Service: Concurrent Group - start]]></Disp>
</NodeArgs>
</Step>
<Step rID="T50">
<Obj plainTxt="False" ><![CDATA[Url: prettierrc.json]]></Obj>
<Details plainTxt="False" ><![CDATA[<CENTER><STRONG><FONT COLOR=#009A63>Url: prettierrc.json registered successfully</FONT></STRONG></CENTER>]]></Details>
<Time><![CDATA[06-02-2024 - 15:25:48]]></Time>
<TimeTick>1707213348</TimeTick>
<NodeArgs eType="General" icon="5" nRep="54" >
<Disp><![CDATA[Url: prettierrc.json]]></Disp>
</NodeArgs>
</Step>
<Step rID="T51">
<Obj plainTxt="False" ><![CDATA[Url: jsconfig.json]]></Obj>
<Details plainTxt="False" ><![CDATA[<CENTER><STRONG><FONT COLOR=#009A63>Url: jsconfig.json registered successfully</FONT></STRONG></CENTER>]]></Details>
<Time><![CDATA[06-02-2024 - 15:25:48]]></Time>
<TimeTick>1707213348</TimeTick>
<NodeArgs eType="General" icon="5" nRep="55" >
<Disp><![CDATA[Url: jsconfig.json]]></Disp>
</NodeArgs>
</Step>
<Step rID="T52">
<Obj plainTxt="False" ><![CDATA[Url: tsconfig.json]]></Obj>
<Details plainTxt="False" ><![CDATA[<CENTER><STRONG><FONT COLOR=#009A63>Url: tsconfig.json registered successfully</FONT></STRONG></CENTER>]]></Details>
<Time><![CDATA[06-02-2024 - 15:25:48]]></Time>
<TimeTick>1707213348</TimeTick>
<NodeArgs eType="General" icon="5" nRep="56" >
<Disp><![CDATA[Url: tsconfig.json]]></Disp>
</NodeArgs>
</Step>
<Step rID="T53">
<Obj plainTxt="False" ><![CDATA[Url: 1-image.jpg]]></Obj>
<Details plainTxt="False" ><![CDATA[<CENTER><STRONG><FONT COLOR=#009A63>Url: 1-image.jpg registered successfully</FONT></STRONG></CENTER>]]></Details>
<Time><![CDATA[06-02-2024 - 15:25:48]]></Time>
<TimeTick>1707213348</TimeTick>
<NodeArgs eType="General" icon="5" nRep="57" >
<Disp><![CDATA[Url: 1-image.jpg]]></Disp>
</NodeArgs>
</Step>
<Step rID="T54">
<Obj plainTxt="False" ><![CDATA[Url: 2-image.jpg]]></Obj>
<Details plainTxt="False" ><![CDATA[<CENTER><STRONG><FONT COLOR=#009A63>Url: 2-image.jpg registered successfully</FONT></STRONG></CENTER>]]></Details>
<Time><![CDATA[06-02-2024 - 15:25:48]]></Time>
<TimeTick>1707213348</TimeTick>
<NodeArgs eType="General" icon="5" nRep="58" >
<Disp><![CDATA[Url: 2-image.jpg]]></Disp>
</NodeArgs>
</Step>
<Step rID="T55">
<Obj plainTxt="False" ><![CDATA[Url: 3-image.jpg]]></Obj>
<Details plainTxt="False" ><![CDATA[<CENTER><STRONG><FONT COLOR=#009A63>Url: 3-image.jpg registered successfully</FONT></STRONG></CENTER>]]></Details>
<Time><![CDATA[06-02-2024 - 15:25:48]]></Time>
<TimeTick>1707213348</TimeTick>
<NodeArgs eType="General" icon="5" nRep="59" >
<Disp><![CDATA[Url: 3-image.jpg]]></Disp>
</NodeArgs>
</Step>
<Step rID="T56">
<Obj plainTxt="False" ><![CDATA[Url: 4-image.jpg]]></Obj>
<Details plainTxt="False" ><![CDATA[<CENTER><STRONG><FONT COLOR=#009A63>Url: 4-image.jpg registered successfully</FONT></STRONG></CENTER>]]></Details>
<Time><![CDATA[06-02-2024 - 15:25:48]]></Time>
<TimeTick>1707213348</TimeTick>
<NodeArgs eType="General" icon="5" nRep="60" >
<Disp><![CDATA[Url: 4-image.jpg]]></Disp>
</NodeArgs>
</Step>
<Step rID="T57">
<Obj plainTxt="False" ><![CDATA[Url: 5-image.jpg]]></Obj>
<Details plainTxt="False" ><![CDATA[<CENTER><STRONG><FONT COLOR=#009A63>Url: 5-image.jpg registered successfully</FONT></STRONG></CENTER>]]></Details>
<Time><![CDATA[06-02-2024 - 15:25:48]]></Time>
<TimeTick>1707213348</TimeTick>
<NodeArgs eType="General" icon="5" nRep="61" >
<Disp><![CDATA[Url: 5-image.jpg]]></Disp>
</NodeArgs>
</Step>
<Step rID="T58">
<Obj plainTxt="False" ><![CDATA[Url: 6-image.jpg]]></Obj>
<Details plainTxt="False" ><![CDATA[<CENTER><STRONG><FONT COLOR=#009A63>Url: 6-image.jpg registered successfully</FONT></STRONG></CENTER>]]></Details>
<Time><![CDATA[06-02-2024 - 15:25:48]]></Time>
<TimeTick>1707213348</TimeTick>
<NodeArgs eType="General" icon="5" nRep="62" >
<Disp><![CDATA[Url: 6-image.jpg]]></Disp>
</NodeArgs>
</Step>
<Step rID="T59">
<Obj plainTxt="False" ><![CDATA[Service: Concurrent Group - end]]></Obj>
<Details plainTxt="False" ><![CDATA[<CENTER>Concurrent Group ended</CENTER>]]></Details>
<Time><![CDATA[06-02-2024 - 15:25:49]]></Time>
<TimeTick>1707213349</TimeTick>
<NodeArgs eType="General" icon="7" nRep="63" >
<Disp><![CDATA[Service: Concurrent Group - end]]></Disp>
</NodeArgs>
</Step>
<Step rID="T60">
<Obj plainTxt="False" ><![CDATA[Service: Set Sockets Option]]></Obj>
<Details plainTxt="False" ><![CDATA[<CENTER>Set socket option <STRONG><FONT COLOR=#00AF00>TLS_SNI</FONT></STRONG> with value <STRONG><FONT COLOR=#00AF00>1</FONT></STRONG></CENTER>]]></Details>
<Time><![CDATA[06-02-2024 - 15:25:49]]></Time>
<TimeTick>1707213349</TimeTick>
<NodeArgs eType="General" icon="4" nRep="64" >
<Disp><![CDATA[Service: Set Sockets Option]]></Disp>
</NodeArgs>
</Step>
<Step rID="T61">
<Obj plainTxt="False" ><![CDATA[Custom Request: json]]></Obj>
<Details plainTxt="False" ><![CDATA[<CENTER><STRONG><FONT COLOR=#009A63>Step completed successfully</FONT></STRONG></CENTER>]]></Details>
<Time><![CDATA[06-02-2024 - 15:25:49]]></Time>
<TimeTick>1707213349</TimeTick>
<NodeArgs eType="General" icon="8" nRep="65" status="Passed" >
<Disp><![CDATA[Custom Request: json]]></Disp>
<BtmPane vType="HTMLSNSH" >
<Path><![CDATA[\Iteration1\t13.inf]]></Path>
</BtmPane>
</NodeArgs>
</Step>
<Step rID="T62">
<Obj plainTxt="False" ><![CDATA[Service: Add Cookie]]></Obj>
<Details plainTxt="False" ><![CDATA[<CENTER>Add the following cookie: <STRONG><FONT COLOR=#00AF00>_ga_CESXN06JTW=GS1.1.1707211892.1.0.1707211892.0.0.0; DOMAIN=reqres.in</FONT></STRONG></CENTER>]]></Details>
<Time><![CDATA[06-02-2024 - 15:25:49]]></Time>
<TimeTick>1707213349</TimeTick>
<NodeArgs eType="General" icon="9" nRep="66" >
<Disp><![CDATA[Service: Add Cookie]]></Disp>
</NodeArgs>
</Step>
<Step rID="T63">
<Obj plainTxt="False" ><![CDATA[Service: Add Cookie]]></Obj>
<Details plainTxt="False" ><![CDATA[<CENTER>Add the following cookie: <STRONG><FONT COLOR=#00AF00>_ga=GA1.2.1170301109.1707211893; DOMAIN=reqres.in</FONT></STRONG></CENTER>]]></Details>
<Time><![CDATA[06-02-2024 - 15:25:49]]></Time>
<TimeTick>1707213349</TimeTick>
<NodeArgs eType="General" icon="9" nRep="67" >
<Disp><![CDATA[Service: Add Cookie]]></Disp>
</NodeArgs>
</Step>
<Step rID="T64">
<Obj plainTxt="False" ><![CDATA[Service: Add Cookie]]></Obj>
<Details plainTxt="False" ><![CDATA[<CENTER>Add the following cookie: <STRONG><FONT COLOR=#00AF00>_gid=GA1.2.483073999.1707211893; DOMAIN=reqres.in</FONT></STRONG></CENTER>]]></Details>
<Time><![CDATA[06-02-2024 - 15:25:49]]></Time>
<TimeTick>1707213349</TimeTick>
<NodeArgs eType="General" icon="9" nRep="68" >
<Disp><![CDATA[Service: Add Cookie]]></Disp>
</NodeArgs>
</Step>
<Step rID="T65">
<Obj plainTxt="False" ><![CDATA[Service: Add Cookie]]></Obj>
<Details plainTxt="False" ><![CDATA[<CENTER>Add the following cookie: <STRONG><FONT COLOR=#00AF00>_gat=1; DOMAIN=reqres.in</FONT></STRONG></CENTER>]]></Details>
<Time><![CDATA[06-02-2024 - 15:25:49]]></Time>
<TimeTick>1707213349</TimeTick>
<NodeArgs eType="General" icon="9" nRep="69" >
<Disp><![CDATA[Service: Add Cookie]]></Disp>
</NodeArgs>
</Step>
<Step rID="T66">
<Obj plainTxt="False" ><![CDATA[Service: Add Cookie]]></Obj>
<Details plainTxt="False" ><![CDATA[<CENTER>Add the following cookie: <STRONG><FONT COLOR=#00AF00>_gat_gtag_UA_174008107_1=1; DOMAIN=reqres.in</FONT></STRONG></CENTER>]]></Details>
<Time><![CDATA[06-02-2024 - 15:25:49]]></Time>
<TimeTick>1707213349</TimeTick>
<NodeArgs eType="General" icon="9" nRep="70" >
<Disp><![CDATA[Service: Add Cookie]]></Disp>
</NodeArgs>
</Step>
<Step rID="T67">
<Obj plainTxt="False" ><![CDATA[Service: Add Cookie]]></Obj>
<Details plainTxt="False" ><![CDATA[<CENTER>Add the following cookie: <STRONG><FONT COLOR=#00AF00>_ga_WSM10MMEKC=GS1.2.1707211893.1.0.1707211893.0.0.0; DOMAIN=reqres.in</FONT></STRONG></CENTER>]]></Details>
<Time><![CDATA[06-02-2024 - 15:25:49]]></Time>
<TimeTick>1707213349</TimeTick>
<NodeArgs eType="General" icon="9" nRep="71" >
<Disp><![CDATA[Service: Add Cookie]]></Disp>
</NodeArgs>
</Step>
<Step rID="T68">
<Obj plainTxt="False" ><![CDATA[Custom Request: 2]]></Obj>
<Details plainTxt="False" ><![CDATA[<CENTER><STRONG><FONT COLOR=#009A63>Step completed successfully</FONT></STRONG></CENTER>]]></Details>
<Time><![CDATA[06-02-2024 - 15:25:49]]></Time>
<TimeTick>1707213349</TimeTick>
<NodeArgs eType="General" icon="8" nRep="72" status="Passed" >
<Disp><![CDATA[Custom Request: 2]]></Disp>
<BtmPane vType="HTMLSNSH" >
<Path><![CDATA[\Iteration1\t14.inf]]></Path>
</BtmPane>
</NodeArgs>
</Step>
<Step rID="T69">
<Obj plainTxt="False" ><![CDATA[Custom Request: users_3]]></Obj>
<Details plainTxt="False" ><![CDATA[<CENTER><STRONG><FONT COLOR=#009A63>Step completed successfully</FONT></STRONG></CENTER>]]></Details>
<Time><![CDATA[06-02-2024 - 15:25:50]]></Time>
<TimeTick>1707213350</TimeTick>
<NodeArgs eType="General" icon="8" nRep="73" status="Passed" >
<Disp><![CDATA[Custom Request: users_3]]></Disp>
<BtmPane vType="HTMLSNSH" >
<Path><![CDATA[\Iteration1\t15.inf]]></Path>
</BtmPane>
</NodeArgs>
</Step>
<Summary sTime="06-02-2024 - 15:25:43" eTime="06-02-2024 - 15:25:50" passed="17" failed="0" warnings="0" ></Summary>
<NodeArgs eType="StartAction" icon="2" nRep="8" status="Passed" >
<Disp><![CDATA[Action Summary]]></Disp>
</NodeArgs>
</Action>
<NodeArgs eType="StartIteration" icon="3" nRep="7" status="Passed" >
<Disp><![CDATA[ReqRes Iteration 1 (Row 1)]]></Disp>
</NodeArgs>
</DIter>
<Action rID="T70">
<AName><![CDATA[vuser_end]]></AName>
<Summary sTime="06-02-2024 - 15:25:50" eTime="06-02-2024 - 15:25:50" passed="0" failed="0" warnings="0" ></Summary>
<NodeArgs eType="StartAction" icon="2" nRep="76" >
<Disp><![CDATA[vuser_end Summary]]></Disp>
</NodeArgs>
</Action>
<Summary sTime="06-02-2024 - 15:25:42" eTime="06-02-2024 - 15:25:50" passed="17" failed="0" warnings="0" ></Summary>
<NodeArgs eType="StartTest" icon="1" nRep="4" status="Passed" >
<Disp><![CDATA[Test ReqRes Summary]]></Disp>
</NodeArgs>
</Doc>
</Report>