[
    {
        "actionName": "Action",
        "steps": [
            {
                "stepId": "STEP2",
                "stepName": "Custom Request: login",
                "infFile": "t3.inf",
                "time": 1708849107977
            },
            {
                "stepId": "STEP3",
                "stepName": "Url: contactList",
                "infFile": "t4.inf",
                "time": 1708849108761
            },
            {
                "stepId": "STEP4",
                "stepName": "Custom Request: contacts",
                "infFile": "t5.inf",
                "time": 1708849109206
            },
            {
                "stepId": "STEP5",
                "stepName": "Url: addContact",
                "infFile": "t6.inf",
                "time": 1708849109963
            },
            {
                "stepId": "STEP6",
                "stepName": "Custom Request: contacts_2",
                "infFile": "t7.inf",
                "time": 1708849110462
            },
            {
                "stepId": "STEP7",
                "stepName": "Url: contactList_2",
                "infFile": "t8.inf",
                "time": 1708849111185
            },
            {
                "stepId": "STEP8",
                "stepName": "Custom Request: contacts_3",
                "infFile": "t9.inf",
                "time": 1708849111651
            }
        ],
        "transactions": []
    }
]