[{"_id":"65d988aaeaa4ad00131e5acc","firstName":"Adish","lastName":"P","city":"Xyz","country":"India","owner":"65d985fdeaa4ad00131e5aa6","__v":0},{"_id":"65d990c8c0d7050013a3435e","firstName":"Adish","lastName":"P","city":"Xyz","country":"India","owner":"65d985fdeaa4ad00131e5aa6","__v":0},{"_id":"65d993efc0d7050013a34376","firstName":"Adish","lastName":"P","city":"Xyz","country":"India","owner":"65d985fdeaa4ad00131e5aa6","__v":0},{"_id":"65d994aaeaa4ad00131e5b2e","firstName":"Adish","lastName":"P","city":"Xyz","country":"India","owner":"65d985fdeaa4ad00131e5aa6","__v":0},{"_id":"65d994b4eaa4ad00131e5b2f","firstName":"Adish","lastName":"P","city":"Xyz","country":"India","owner":"65d985fdeaa4ad00131e5aa6","__v":0},{"_id":"65d994c4c0d7050013a34387","firstName":"Adish","lastName":"P","city":"Xyz","country":"India","owner":"65d985fdeaa4ad00131e5aa6","__v":0},{"_id":"65d994d3c0d7050013a34389","firstName":"Adish","lastName":"P","city":"Xyz","country":"India","owner":"65d985fdeaa4ad00131e5aa6","__v":0},{"_id":"65d994e2eaa4ad00131e5b35","firstName":"Adish","lastName":"P","city":"Xyz","country":"India","owner":"65d985fdeaa4ad00131e5aa6","__v":0},{"_id":"65d994f1eaa4ad00131e5b36","firstName":"Adish","lastName":"P","city":"Xyz","country":"India","owner":"65d985fdeaa4ad00131e5aa6","__v":0},{"_id":"65d99cf8eaa4ad00131e5b96","firstName":"Adish","lastName":"P","city":"Xyz","country":"India","owner":"65d985fdeaa4ad00131e5aa6","__v":0},{"_id":"65d99d03eaa4ad00131e5b98","firstName":"Adish","lastName":"P","city":"Xyz","country":"India","owner":"65d985fdeaa4ad00131e5aa6","__v":0},{"_id":"65d99d12c0d7050013a343d2","firstName":"Adish","lastName":"P","city":"Xyz","country":"India","owner":"65d985fdeaa4ad00131e5aa6","__v":0},{"_id":"65d99d22c0d7050013a343d3","firstName":"Adish","lastName":"P","city":"Xyz","country":"India","owner":"65d985fdeaa4ad00131e5aa6","__v":0},{"_id":"65d99d31eaa4ad00131e5b9c","firstName":"Adish","lastName":"P","city":"Xyz","country":"India","owner":"65d985fdeaa4ad00131e5aa6","__v":0},{"_id":"65d99d40c0d7050013a343d4","firstName":"Adish","lastName":"P","city":"Xyz","country":"India","owner":"65d985fdeaa4ad00131e5aa6","__v":0},{"_id":"65d9a188eaa4ad00131e5bfc","firstName":"Adish","lastName":"P","city":"Xyz","country":"India","owner":"65d985fdeaa4ad00131e5aa6","__v":0},{"_id":"65d9a197eaa4ad00131e5bff","firstName":"Adish","lastName":"P","city":"Xyz","country":"India","owner":"65d985fdeaa4ad00131e5aa6","__v":0},{"_id":"65d9a1a6c0d7050013a34430","firstName":"Adish","lastName":"P","city":"Xyz","country":"India","owner":"65d985fdeaa4ad00131e5aa6","__v":0},{"_id":"65d9a1b5eaa4ad00131e5c02","firstName":"Adish","lastName":"P","city":"Xyz","country":"India","owner":"65d985fdeaa4ad00131e5aa6","__v":0},{"_id":"65d9a1c5eaa4ad00131e5c05","firstName":"Adish","lastName":"P","city":"Xyz","country":"India","owner":"65d985fdeaa4ad00131e5aa6","__v":0},{"_id":"65d9a1d3eaa4ad00131e5c0a","firstName":"Adish","lastName":"P","city":"Xyz","country":"India","owner":"65d985fdeaa4ad00131e5aa6","__v":0}]