[
    {
        "actionName": "Action",
        "steps": [
            {
                "stepId": "STEP1",
                "stepName": "Url: katalon-demo-cura.herokuapp.com",
                "infFile": "t2.inf",
                "time": 1707376914745
            },
            {
                "stepId": "STEP2",
                "stepName": "Link: Login",
                "infFile": "t3.inf",
                "time": 1707376916482
            },
            {
                "stepId": "STEP3",
                "stepName": "Submit Form: authenticate.php",
                "infFile": "t4.inf",
                "time": 1707376917168
            },
            {
                "stepId": "STEP4",
                "stepName": "Submit Data: appointment.php",
                "infFile": "t5.inf",
                "time": 1707376917611
            }
        ],
        "transactions": []
    }
]