{"FilterHeaders":[{"Header":"x-goog-update-updater","IncludeInScript":false},{"Header":"x-goog-update-interactivity","IncludeInScript":false},{"Header":"x-goog-update-appid","IncludeInScript":false},{"Header":"x-client-data","IncludeInScript":false},{"Header":"user-agent","IncludeInScript":false},{"Header":"upgrade-insecure-requests","IncludeInScript":false},{"Header":"sec-fetch-site","IncludeInScript":false},{"Header":"sec-fetch-mode","IncludeInScript":false},{"Header":"sec-fetch-dest","IncludeInScript":false},{"Header":"sec-ch-ua-platform","IncludeInScript":false},{"Header":"sec-ch-ua-mobile","IncludeInScript":false},{"Header":"sec-ch-ua","IncludeInScript":false},{"Header":"origin","IncludeInScript":false},{"Header":"if-none-match","IncludeInScript":false},{"Header":"if-modified-since","IncludeInScript":false},{"Header":"accept-language","IncludeInScript":false},{"Header":"accept-encoding","IncludeInScript":false},{"Header":"accept","IncludeInScript":false},{"Header":"a-im","IncludeInScript":false}],"FilterResources":[{"IsNonResource":true,"type":"text/html"},{"IsNonResource":false,"type":"text/css"},{"IsNonResource":false,"type":"image/png"},{"IsNonResource":false,"type":"application/x-protobuf"},{"IsNonResource":false,"type":"application/x-gzip"},{"IsNonResource":true,"type":"application/json"},{"IsNonResource":false,"type":"application/javascript"}],"GeneralInfo":{"BrowserVersion":"","IsWinInetMode":false,"MaxUsedConnections":12,"RecordedBrowser":"Chrome","RecordingDate":"Feb-09-2024","RecordingDuration":172516,"RecordingMode":"N/A","RecordingTimeStamp":1707455822,"RecordingType":"Browser","TotalBytesReceived":245966,"TotalBytesSent":18860,"TotalRequests":17,"UserAgent":"Mozilla/5.0 (Windows NT 10.0; Win64; x64) AppleWebKit/537.36 (KHTML, like Gecko) Chrome/121.0.0.0 Safari/537.36"},"HostInfo":[{"DomainName":"uitestingplayground.com","Domains":[{"HTTPVersion":"HTTP/1.1","IP":"52.234.209.94","IncludeInScript":true,"Name":"uitestingplayground.com","Port":80,"Requests":[{"CompressionType":"","DataType":"","DownloadTime":281,"EventId":170,"HttpStatus":304,"Size":0,"URL":"http://uitestingplayground.com/static/prism.js"},{"CompressionType":"","DataType":"","DownloadTime":297,"EventId":168,"HttpStatus":304,"Size":0,"URL":"http://uitestingplayground.com/static/prism.css"},{"CompressionType":"","DataType":"","DownloadTime":281,"EventId":166,"HttpStatus":304,"Size":0,"URL":"http://uitestingplayground.com/static/style.css"},{"CompressionType":"gzip","DataType":"text/html","DownloadTime":282,"EventId":159,"HttpStatus":200,"Size":1863,"URL":"http://uitestingplayground.com/dynamicid"},{"CompressionType":"","DataType":"text/html","DownloadTime":265,"EventId":127,"HttpStatus":404,"Size":150,"URL":"http://uitestingplayground.com/favicon.ico"},{"CompressionType":"","DataType":"image/png","DownloadTime":484,"EventId":96,"HttpStatus":200,"Size":171778,"URL":"http://uitestingplayground.com/static/cube.png"},{"CompressionType":"","DataType":"image/png","DownloadTime":297,"EventId":94,"HttpStatus":200,"Size":324,"URL":"http://uitestingplayground.com/static/fork.png"},{"CompressionType":"gzip","DataType":"application/javascript","DownloadTime":282,"EventId":58,"HttpStatus":200,"Size":5216,"URL":"http://uitestingplayground.com/static/prism.js"},{"CompressionType":"gzip","DataType":"text/css","DownloadTime":281,"EventId":28,"HttpStatus":200,"Size":952,"URL":"http://uitestingplayground.com/static/style.css"},{"CompressionType":"gzip","DataType":"text/css","DownloadTime":281,"EventId":23,"HttpStatus":200,"Size":1127,"URL":"http://uitestingplayground.com/static/prism.css"},{"CompressionType":"gzip","DataType":"text/html","DownloadTime":266,"EventId":13,"HttpStatus":200,"Size":3068,"URL":"http://uitestingplayground.com/"}],"SSLCipher":"None","SSLVersion":"None"}],"IncludeInScript":false},{"DomainName":"jquery.com","Domains":[{"HTTPVersion":"HTTP/1.1","IP":"151.101.130.137","IncludeInScript":true,"Name":"code.jquery.com","Port":443,"Requests":[{"CompressionType":"gzip","DataType":"application/javascript","DownloadTime":16,"EventId":61,"HttpStatus":200,"Size":30125,"URL":"https://code.jquery.com/jquery-3.2.1.min.js"}],"SSLCipher":"TLS_AES_128_GCM_SHA256","SSLVersion":"TLS1.3"}],"IncludeInScript":true},{"DomainName":"googleapis.com","Domains":[{"HTTPVersion":"HTTP/1.1","IP":"142.250.205.227","IncludeInScript":true,"Name":"update.googleapis.com","Port":443,"Requests":[{"CompressionType":"gzip","DataType":"application/json","DownloadTime":250,"EventId":151,"HttpStatus":200,"Size":904,"URL":"https://update.googleapis.com/service/update2/json?cup2key=13:EWGbYOHNYlp9XXwVtfXAV0LQ0KLM2JEmhhBFYHMzBYM&cup2hreq=b460b2cd9573cbc481ece02445e9d24b77c0353e1d7f90b596db64c9b873b431"}],"SSLCipher":"TLS_AES_256_GCM_SHA384","SSLVersion":"TLS1.3"},{"HTTPVersion":"HTTP/1.1","IP":"142.250.77.138","IncludeInScript":true,"Name":"optimizationguide-pa.googleapis.com","Port":443,"Requests":[{"CompressionType":"gzip","DataType":"application/x-protobuf","DownloadTime":47,"EventId":144,"HttpStatus":200,"Size":596,"URL":"https://optimizationguide-pa.googleapis.com/v1:GetModels?key=AIzaSyBOti4mM-6x9WDnZIjIeyEU21OpBXqWBgw"}],"SSLCipher":"TLS_AES_256_GCM_SHA384","SSLVersion":"TLS1.3"},{"HTTPVersion":"HTTP/1.1","IP":"142.250.76.35","IncludeInScript":true,"Name":"clientservices.googleapis.com","Port":443,"Requests":[{"CompressionType":"","DataType":"application/x-gzip","DownloadTime":203,"EventId":10,"HttpStatus":200,"Size":1212,"URL":"https://clientservices.googleapis.com/chrome-variations/seed?osname=win&channel=stable&milestone=121"}],"SSLCipher":"TLS_AES_256_GCM_SHA384","SSLVersion":"TLS1.3"}],"IncludeInScript":true},{"DomainName":"github.io","Domains":[{"HTTPVersion":"HTTP/1.1","IP":"185.199.110.153","IncludeInScript":true,"Name":"buttons.github.io","Port":443,"Requests":[{"CompressionType":"gzip","DataType":"application/javascript","DownloadTime":31,"EventId":87,"HttpStatus":200,"Size":6828,"URL":"https://buttons.github.io/buttons.js"}],"SSLCipher":"TLS_AES_128_GCM_SHA256","SSLVersion":"TLS1.3"}],"IncludeInScript":true},{"DomainName":"bootstrapcdn.com","Domains":[{"HTTPVersion":"HTTP/1.1","IP":"104.18.11.207","IncludeInScript":true,"Name":"maxcdn.bootstrapcdn.com","Port":443,"Requests":[{"CompressionType":"br","DataType":"text/css","DownloadTime":16,"EventId":31,"HttpStatus":200,"Size":21823,"URL":"https://maxcdn.bootstrapcdn.com/bootstrap/4.0.0/css/bootstrap.min.css"}],"SSLCipher":"TLS_AES_256_GCM_SHA384","SSLVersion":"TLS1.3"}],"IncludeInScript":true}],"WebSocket":{"IncludeInScript":false,"IsScriptIncludeWebSocket":false}}