{"OutputFileHashSum":"52F7671552F0FC0A329CF2990A13CFE9F3E3AB6B051D4E7FED83C76D7E95F2BB","Converted":true,"OutputModifyDate":"2024-02-09T05:52:45.2857646Z","Metadatas":[{"CategoryName":"VuGen.Replay","Offset":2731,"Length":88,"TypeId":1},{"CategoryName":"VuGen.Replay","Offset":2819,"Length":88,"TypeId":1},{"CategoryName":"VuGen.Replay","Offset":2907,"Length":88,"TypeId":1},{"CategoryName":"VuGen.Replay","Offset":2995,"Length":88,"TypeId":1},{"CategoryName":"VuGen.Replay","Offset":3974,"Length":23,"TypeId":2},{"CategoryName":"VuGen.Replay","Offset":3997,"Length":226,"TypeId":1},{"CategoryName":"VuGen.Replay","Offset":6225,"Length":21,"TypeId":2}],"MetadataTypes":[{"CategoryName":"VuGen.Replay","MetadataTypeName":"Utt.Debugger.Warning","Id":1},{"CategoryName":"VuGen.Replay","MetadataTypeName":"HP.LR.Vugen.Iteration","Id":2}]}