{"OutputFileHashSum":"C30E8C102634E554D02E5EA8B1242D8BDE2FAAAB4091810D91DBEF2289CF87D3","Converted":true,"OutputModifyDate":"2024-02-06T09:55:50.2776276Z","Metadatas":[{"CategoryName":"VuGen.Replay","Offset":512,"Length":23,"TypeId":1},{"CategoryName":"VuGen.Replay","Offset":1275,"Length":84,"TypeId":2},{"CategoryName":"VuGen.Replay","Offset":3627,"Length":112,"TypeId":2},{"CategoryName":"VuGen.Replay","Offset":3739,"Length":113,"TypeId":2},{"CategoryName":"VuGen.Replay","Offset":3852,"Length":112,"TypeId":2},{"CategoryName":"VuGen.Replay","Offset":3964,"Length":113,"TypeId":2},{"CategoryName":"VuGen.Replay","Offset":4077,"Length":112,"TypeId":2},{"CategoryName":"VuGen.Replay","Offset":4395,"Length":85,"TypeId":2},{"CategoryName":"VuGen.Replay","Offset":7168,"Length":113,"TypeId":2},{"CategoryName":"VuGen.Replay","Offset":7281,"Length":113,"TypeId":2},{"CategoryName":"VuGen.Replay","Offset":7394,"Length":113,"TypeId":2},{"CategoryName":"VuGen.Replay","Offset":8185,"Length":85,"TypeId":2},{"CategoryName":"VuGen.Replay","Offset":8461,"Length":85,"TypeId":2},{"CategoryName":"VuGen.Replay","Offset":8737,"Length":85,"TypeId":2},{"CategoryName":"VuGen.Replay","Offset":9013,"Length":85,"TypeId":2},{"CategoryName":"VuGen.Replay","Offset":9475,"Length":85,"TypeId":2},{"CategoryName":"VuGen.Replay","Offset":12754,"Length":85,"TypeId":2},{"CategoryName":"VuGen.Replay","Offset":13187,"Length":21,"TypeId":1}],"MetadataTypes":[{"CategoryName":"VuGen.Replay","MetadataTypeName":"HP.LR.Vugen.Iteration","Id":1},{"CategoryName":"VuGen.Replay","MetadataTypeName":"Utt.Debugger.Warning","Id":2}]}